Locality_Number,Zone,Risk_Level,Vulnerability_Score,Peak_Week_2026,Critical_Weeks_2026,Average_Risk_2026,Management_Priority
10029,Zone 1,Low,0.0500659324905532,24,,0.0022505922514060904,Medium
10041,Zone 2,Very High,0.2737890543240828,2,,0.011127647873540088,High
10045,Zone 2,High,0.16507873555904007,2,,0.006709318768221699,High
10050,Zone 1,High,0.1171488888829694,24,,0.005266143432574481,High
10054,Zone 2,Very High,0.20206102783445376,2,,0.008212395386872871,High
10078,Zone 2,Very High,0.24464342443460954,2,,0.00994307785023052,High
10080,Zone 2,Very High,0.22274866318749578,2,,0.009053205922973992,High
10086,Zone 2,Very High,0.22714072432625318,2,,0.009231713094898043,High
10087,Zone 2,High,0.1724617812828561,2,,0.007009388956387889,High
10090,Zone 2,Very High,0.21825940680160447,2,,0.008870748430655441,High
10091,Zone 2,Very High,0.40989421763947437,2,,0.016659389582073112,High
10110,Zone 1,Low,0.1090099958046288,24,,0.004900279285320412,Medium
10113,Zone 1,Medium,0.11954146042532632,24,,0.005373695668322395,Medium
10136,Zone 1,Very High,0.1961876826900542,24,,0.008819140212096626,High
10137,Zone 2,Very High,0.4800970036543781,2,,0.01951265150097598,High
10147,Zone 1,Very High,0.23665476743618344,24,,0.010638239604359353,High
10149,Zone 1,Low,0.21573619026136917,24,,0.009697895834492275,Medium
10181,Zone 2,Medium,0.19291507661569193,2,,0.007840675177377252,Medium
10194,Zone 2,Very High,0.38038332180132794,2,,0.015459974002329364,High
10197,Zone 2,Very High,0.24533750353111083,2,,0.009971287406676514,High
10206,Zone 3,Very High,0.23228332921931877,38,,0.005186530645300705,High
10212,Zone 3,Medium,0.16011302537697925,38,,0.003575078399386253,Medium
10213,Zone 2,Medium,0.10176195917945403,2,,0.004135925928324887,Medium
10216,Zone 3,Medium,0.120809989511005,38,,0.0026975018610382985,Medium
10223,Zone 3,Medium,0.1282636789783393,38,,0.0028639313201510672,Medium
10224,Zone 3,Low,0.1409437447409872,38,,0.00314705774977231,Medium
10229,Zone 3,Medium,0.12991166297622073,38,,0.002900728276422978,Medium
10232,Zone 3,Low,0.14880065992706815,38,,0.0033224906210295563,Medium
10240,Zone 3,Very Low,0.17098444833967313,38,,0.0038178206079792754,Medium
10256,Zone 3,Low,0.12508582966173734,38,,0.002792974816634012,Medium
10262,Zone 3,Low,0.1196863438751235,38,,0.0026724125765659914,Medium
10264,Zone 3,Very Low,0.191900261123129,38,,0.0042848386429685205,Medium
10275,Zone 5,Very Low,0.0811845128284753,40,,0.0007607074669770293,Medium
10276,Zone 5,Very Low,0.05095316080090333,40,,0.00047743650281206453,Medium
10281,Zone 5,Very Low,0.08962473315757981,40,,0.0008397932236514123,Medium
10291,Zone 1,High,0.1331206244566129,24,,0.005984113967335449,High
10292,Zone 1,Low,0.11511456507071702,24,,0.005174695352394009,Medium
10298,Zone 1,Medium,0.15258654817329692,24,,0.00685915723336265,Medium
10300,Zone 1,Very High,0.3109341249400045,24,,0.01397728749823541,High
10303,Zone 1,Low,0.15598354176492457,24,,0.0070118608199149605,Medium
10309,Zone 2,High,0.2094652296115439,2,,0.008513325423552032,High
10311,Zone 2,Very High,0.2920518190881552,2,,0.011869904045882685,High
10317,Zone 2,High,0.12264106613152585,2,,0.004984518472136458,High
10318,Zone 2,High,0.20263555211715872,2,,0.008235745859843834,High
10319,Zone 2,High,0.1706641949093724,2,,0.00693632939512901,High
10324,Zone 2,Medium,0.11172183905022624,2,,0.004540726756971324,Medium
10328,Zone 2,Low,0.07868915340944883,2,,0.003198174568260314,Medium
10331,Zone 2,Low,0.16056783624188672,2,,0.006525981639138158,Medium
10332,Zone 2,High,0.14198227400988986,2,,0.005770605962926416,High
10338,Zone 2,Low,0.06900854207479197,2,,0.0028047240908531637,Medium
10375,Zone 3,Very Low,0.13530188723879494,38,,0.0030210837208573408,Medium
10398,Zone 3,Very High,0.1716744459635346,38,,0.0038332271971364476,High
10409,Zone 3,Medium,0.17473454435630612,38,,0.003901554503039487,Medium
10410,Zone 3,Very High,0.21192769168802986,38,,0.004732020464929643,High
10417,Zone 3,Low,0.05975142766573413,38,,0.0013341577793393538,Medium
10421,Zone 3,Very Low,0.03373277121719352,38,,0.000753201068096026,Medium
10425,Zone 3,Low,0.13006006696441658,38,,0.0029040419099723574,Medium
10447,Zone 3,Low,0.11446194748917607,38,,0.002555759814398414,Medium
10504,Zone 4,Very Low,0.2351696635081059,30,,0.003571701667299169,Medium
10505,Zone 4,Very Low,0.06229765005441743,30,,0.0009461620910152531,Medium
10513,Zone 4,Very Low,0.0563946095329587,30,,0.0008565080967112557,Medium
10518,Zone 4,Very Low,0.0302231756986571,30,,0.00045902250070723306,Medium
10536,Zone 5,Very Low,0.15334168981130003,40,,0.0014368278428273978,Medium
10544,Zone 5,High,0.15329842074117178,40,,0.001436422407066451,High
10545,Zone 5,Low,0.0213547688093032,40,,0.00020009644109248513,Medium
10550,Zone 4,Very Low,0.11944446565210354,30,,0.0018140945169340334,Medium
10552,Zone 4,Very Low,0.041078867121139805,30,,0.0006238961947669702,Medium
10570,Zone 5,Very Low,0.07937360270136228,40,,0.0007437390476600383,Medium
10582,Zone 1,Low,0.019005148434180885,24,,0.0008543302336546069,Medium
10611,Zone 5,Very Low,0.047176687120850026,40,,0.000442050545230126,Medium
10614,Zone 5,Very Low,0.09108031040554099,40,,0.0008534321363295649,Medium
10616,Zone 5,Very Low,0.1514044912808608,40,,0.0014186760878216675,Medium
10635,Zone 5,Very Low,0.10770882745780407,40,,0.00100924309886052,Medium
10652,Zone 5,Very Low,0.04116731830489143,40,,0.00038574212419202863,Medium
10660,Zone 5,Very Low,0.01935097204284651,40,,0.00018132065357536912,Medium
10724,Zone 5,Very Low,0.06741749507563083,40,,0.0006317090553622361,Medium
10726,Zone 5,Very Low,0.06594636303551456,40,,0.0006179243926373393,Medium
10734,Zone 5,Very Low,0.013086820760648947,40,,0.0001226248938963132,Medium
10735,Zone 5,Very Low,0.01248206442881905,40,,0.00011695826314006777,Medium
10747,Zone 5,Very Low,0.06174157937110297,40,,0.0005785251252265848,Medium
10753,Zone 5,Very Low,0.04690181927995122,40,,0.00043947500450543947,Medium
10754,Zone 5,Very Low,0.010426015635473249,40,,9.769286860759389e-05,Medium
10757,Zone 5,Very Low,0.10705382713145772,40,,0.0010031056765645115,Medium
10759,Zone 5,Very Low,0.0386237865727558,40,,0.0003619089629927174,Medium
10789,Zone 5,Very Low,0.1155715454406214,40,,0.0010829175975041307,Medium
10790,Zone 5,Very Low,0.1050367580074376,40,,0.0009842055256540445,Medium
10791,Zone 5,Very Low,0.12077251128999598,40,,0.0011316511972914547,Medium
10794,Zone 5,Very Low,0.10482205345750308,40,,0.0009821937213253767,Medium
10795,Zone 5,Very Low,0.05453481059544902,40,,0.0005109969399925412,Medium
10796,Zone 5,Very Low,0.04803745700428896,40,,0.00045011605002738184,Medium
10798,Zone 5,Very Low,0.009908002221304432,40,,9.28390281591695e-05,Medium
10803,Zone 5,Very Low,0.08896377038545354,40,,0.0008335999326081738,Medium
10804,Zone 5,Very Low,0.024461251741529445,40,,0.00022920451454454797,Medium
10806,Zone 5,Very Low,0.03953793045380636,40,,0.0003704745877896013,Medium
10808,Zone 5,Very Low,0.07175131165341594,40,,0.0006723173748109874,Medium
10811,Zone 5,Very Low,0.017090194867174946,40,,0.00016013693245927238,Medium
10814,Zone 5,Very Low,0.0738929239392656,40,,0.0006923845083128855,Medium
10819,Zone 5,Very Low,0.06568332694474058,40,,0.0006154597166620217,Medium
10821,Zone 5,Very Low,0.05147359046352989,40,,0.00048231298376395234,Medium
10822,Zone 5,Very Low,0.054554759236964054,40,,0.0005111838608722488,Medium
10825,Zone 5,Very Low,0.04415969827890326,40,,0.00041378104086413684,Medium
10828,Zone 5,Very Low,0.0747924433251119,40,,0.0007008131000437935,Medium
10837,Zone 5,Very Low,0.04433343980302578,40,,0.00041540901731086644,Medium
10838,Zone 5,Very Low,0.05272689390139392,40,,0.00049405656945973,Medium
10839,Zone 5,Very Low,0.07944450526653499,40,,0.0007444034121906068,Medium
10840,Zone 5,Very Low,0.058327241534066585,40,,0.0005465324187740214,Medium
10841,Zone 5,Very Low,0.05967965658177687,40,,0.0005592046907308528,Medium
10858,Zone 3,Very Low,0.06059132998419813,38,,0.0013529115105193458,Medium
10862,Zone 3,Very High,0.19255050158741033,38,,0.004299357515700991,High
10875,Zone 3,Very Low,0.060865833005062826,38,,0.001359040742155242,Medium
10876,Zone 3,Very Low,0.0845254499183171,38,,0.0018873237170423717,Medium
10877,Zone 3,Very Low,0.07067703268604482,38,,0.0015781097902165069,Medium
10880,Zone 3,High,0.0943559844963408,38,,0.002106824483713696,High
10885,Zone 3,High,0.1801276710108565,38,,0.004021974753437239,High
10893,Zone 4,Very Low,0.1262189178909695,30,,0.001916983307927104,Medium
10898,Zone 3,Very High,0.2773419709329605,38,,0.006192621038739026,High
10961,Zone 3,Very Low,0.0824649969531686,38,,0.001841316961056653,Medium
10968,Zone 4,Very Low,0.15726555008823415,30,,0.0023885122727128703,Medium
10974,Zone 4,Very Low,0.12132858476448333,30,,0.001842710075908311,Medium
10989,Zone 4,Very High,0.23745353062559443,30,,0.003606388505175018,High
10990,Zone 4,Very Low,0.0930174682551886,30,,0.0014127274815084869,Medium
10996,Zone 4,Very Low,0.16046475808069177,30,,0.002437101093014958,Medium
11015,Zone 3,Low,0.10332876260446396,38,,0.002307172863374312,Medium
11041,Zone 4,Very Low,0.15452866604030674,30,,0.0023469451199969764,Medium
11072,Zone 4,Very Low,0.10428961058420148,30,,0.0015839261342172836,Medium
11074,Zone 4,Very Low,0.06890018061815655,30,,0.0010464397759475527,Medium
11076,Zone 4,Very Low,0.08292174119216399,30,,0.0012593959478161766,Medium
11087,Zone 4,Very Low,0.131425722981382,30,,0.001996063041874536,Medium
11088,Zone 4,Very High,0.31153683056874687,30,,0.0047315482812226705,High
11112,Zone 4,Low,0.1566985975617045,30,,0.002379901530774144,Medium
11116,Zone 4,Very Low,0.11723158419831155,30,,0.0017804857926617729,Medium
11119,Zone 4,Very Low,0.008638061191746368,30,,0.00013119284647753604,Medium
11122,Zone 4,Very High,0.261817090045818,30,,0.003976416528791915,High
11129,Zone 4,Very Low,0.13489203970612676,30,,0.0020487086469261036,Medium
11137,Zone 4,Low,0.010640426379094308,30,,0.00016160429909223924,Medium
11138,Zone 4,Very Low,0.14585902735622938,30,,0.002215272681975509,Medium
11144,Zone 4,Very Low,0.09703338358030429,30,,0.0014737202611403441,Medium
11162,Zone 4,Very Low,0.02521546741837665,30,,0.0003829666023944432,Medium
11168,Zone 4,High,0.15029829363362662,30,,0.0022826952165322166,High
11179,Zone 4,High,0.2076834645802113,30,,0.003154247727560493,High
11193,Zone 4,Very Low,0.14357262865975778,30,,0.0021805473950720945,Medium
11198,Zone 4,Very Low,0.12280326108698185,30,,0.0018651071138647522,Medium
11201,Zone 4,High,0.18487875027941786,30,,0.002807895077837806,High
11205,Zone 4,Very High,0.1871690203628958,30,,0.002842679162458659,High
11225,Zone 4,Very Low,0.1630069810500253,30,,0.002475711778945976,Medium
11238,Zone 4,Very Low,0.09861582836042679,30,,0.0014977540611435388,Medium
11241,Zone 4,Very Low,0.11864789528203375,30,,0.001801996393066959,Medium
11248,Zone 4,Very Low,0.17520442052061477,30,,0.0026609636275220297,Medium
11251,Zone 4,Very High,0.3593199648110448,30,,0.005457267311883752,High
11252,Zone 4,Very Low,0.19463103485867714,30,,0.0029560104876747363,Medium
11269,Zone 4,Very Low,0.07560374265531464,30,,0.001148251903191319,Medium
11272,Zone 4,Very Low,0.020244494754226156,30,,0.00030746863599950065,Medium
11273,Zone 4,Very Low,0.021454349918563265,30,,0.0003258436323455085,Medium
11274,Zone 4,Very Low,0.05761149083556203,30,,0.0008749898043965827,Medium
11290,Zone 4,Very Low,0.06942876922875671,30,,0.001054467855733153,Medium
11298,Zone 4,Very Low,0.10851242689402028,30,,0.0016480612774559355,Medium
11303,Zone 4,Very Low,0.07725653421263655,30,,0.0011733541135398964,Medium
11312,Zone 4,Very Low,0.06386084069774538,30,,0.0009699034637067546,Medium
11315,Zone 4,Very Low,0.10291123731883642,30,,0.0015629917244952773,Medium
11318,Zone 4,Low,0.14318362838174414,30,,0.0021746393501277123,Medium
11320,Zone 4,Low,0.15531284628168807,30,,0.0023588550654968484,Medium
11326,Zone 5,Very Low,0.1329228587737023,40,,0.001245501237591001,Medium
11330,Zone 4,Very High,0.19314663527493275,30,,0.0029334657751080365,High
11332,Zone 4,Very Low,0.16077553244102602,30,,0.002441821061077171,Medium
11334,Zone 4,Very Low,0.1309652378697141,30,,0.001989069302050377,Medium
11338,Zone 4,Very Low,0.09801799014989344,30,,0.0014886742346834241,Medium
11339,Zone 4,Very Low,0.1028368239963063,30,,0.001561861552413618,Medium
11340,Zone 4,Very Low,0.19892369804805105,30,,0.0030212064489306503,Medium
11350,Zone 5,Very Low,0.1133720162309456,40,,0.0010623077763037552,Medium
11351,Zone 4,Very Low,0.11847531404256653,30,,0.0017993752696977522,Medium
11353,Zone 5,Very Low,0.07657741743869256,40,,0.0007175384961723672,Medium
11355,Zone 5,Very Low,0.06539770255258308,40,,0.0006127833859149979,Medium
11357,Zone 5,Very Low,0.09866073645367794,40,,0.000924461529704977,Medium
11363,Zone 4,Very Low,0.10384189567140249,30,,0.0015771263451770457,Medium
11364,Zone 5,Very Low,0.05924675097969751,40,,0.0005551483194782012,Medium
11365,Zone 5,Very Low,0.12601771561856823,40,,0.0011807993163051788,Medium
11378,Zone 4,Very Low,0.12995906062952423,30,,0.0019737877182237247,Medium
11381,Zone 4,Very Low,0.10958751112814404,30,,0.0016643894045375756,Medium
11385,Zone 4,Very Low,0.15038236155464635,30,,0.0022839720203903053,Medium
11399,Zone 4,Very Low,0.06281335723391707,30,,0.0009539945306478995,Medium
11405,Zone 4,Very Low,0.05577209005391959,30,,0.000847053416936483,Medium
11410,Zone 4,Very Low,0.09342971584972073,30,,0.0014189886012412182,Medium
11413,Zone 4,Very Low,0.06610925268207239,30,,0.0010040518173396176,Medium
11414,Zone 4,Very Low,0.10607883583671547,30,,0.0016111004675145616,Medium
11433,Zone 5,Very Low,0.0537994813878929,40,,0.0005041068275882694,Medium
11435,Zone 1,Low,0.04712777970953098,24,,0.0021185147377462063,Medium
11438,Zone 1,High,0.1140574159871493,24,,0.005127173785977416,High
11486,Zone 1,Very High,0.2523719354215403,24,,0.01134476667221266,High
11488,Zone 2,Very High,0.23007369120547383,2,,0.00935091808918569,High
11492,Zone 1,Medium,0.17778369379999506,24,,0.007991833643927818,Medium
11511,Zone 1,High,0.14264803430091708,24,,0.006412395509392155,High
11513,Zone 1,Medium,0.11454888973484971,24,,0.0051492667932044895,Medium
11525,Zone 2,Very High,0.2958193843700672,2,,0.012023029742967954,High
11530,Zone 1,Very High,0.21723410189069406,24,,0.009765230809365377,High
11533,Zone 2,High,0.0901417479481837,2,,0.0036636440136334635,High
11534,Zone 1,Medium,0.19028389672694662,24,,0.008553749870170267,Medium
11543,Zone 2,High,0.23549857680574413,2,,0.009571402494097624,High
11552,Zone 2,High,0.09224326060062636,2,,0.0037490560943169026,High
11559,Zone 1,Medium,0.12246115841238192,24,,0.005504943591595434,Medium
11571,Zone 1,High,0.22412006276102545,24,,0.01007477243592307,High
11574,Zone 1,High,0.15341024206394263,24,,0.006896184389266869,High
11575,Zone 1,Medium,0.05859462118780306,24,,0.0026339787128548406,Medium
11605,Zone 1,High,0.12309443702898609,24,,0.0055334110918817715,High
11611,Zone 2,High,0.2306555666230683,2,,0.009374567335388191,High
11633,Zone 1,Very High,0.23431653597155425,24,,0.010533130094668676,High
11640,Zone 2,High,0.15281310793478275,2,,0.006210805102335181,High
11643,Zone 2,Very High,0.2663951522389488,2,,0.010827136448720983,High
11644,Zone 2,Very High,0.24633639395256587,2,,0.010011885453598608,High
11649,Zone 2,High,0.14481665780917888,2,,0.0058858042309317595,High
11651,Zone 2,High,0.15994992595070587,2,,0.006500867822390911,High
11652,Zone 2,High,0.19274090187088397,2,,0.00783359616819819,High
11657,Zone 2,Very High,0.22486923672909062,2,,0.009139392698113959,High
11665,Zone 2,High,0.09879872508999062,2,,0.004015490779462477,High
11667,Zone 2,Very High,0.242099917268026,2,,0.009839701723002053,High
11677,Zone 2,Low,0.15628267666376328,2,,0.0063518192827028185,Medium
11687,Zone 2,High,0.17876048385013066,2,,0.007265388029841822,High
11688,Zone 2,Very High,0.2153537369535974,2,,0.008752652873529509,High
11689,Zone 2,Very High,0.1920876374413202,2,,0.007807045448124881,High
11690,Zone 2,High,0.14837039693535362,2,,0.00603023936084636,High
11700,Zone 2,Very High,0.20707026325694514,2,,0.008415986461887754,High
11714,Zone 2,Very High,0.2723665330814799,2,,0.011069832138285829,High
11719,Zone 2,High,0.19822045259818122,2,,0.00805630233572229,High
11721,Zone 2,Low,0.05154143846783207,2,,0.0020948060892415302,Medium
11736,Zone 2,Very High,0.2821013687824853,2,,0.011465486464405563,High
11737,Zone 2,High,0.16725203187572119,2,,0.006797648362684824,High
11738,Zone 2,Very High,0.2705995141607782,2,,0.010998014934402372,High
11740,Zone 2,High,0.23015037512665656,2,,0.009354034764812445,High
11749,Zone 2,High,0.23281754148253356,2,,0.009462436790239002,High
11754,Zone 2,High,0.19959247779870037,2,,0.008112065753082754,High
11756,Zone 2,Very High,0.2763370350524257,2,,0.011231205820381908,High
11758,Zone 2,High,0.14923819768071525,2,,0.006065509511227718,High
11763,Zone 2,Very High,0.29319780745234375,2,,0.01191648061562667,High
11767,Zone 2,High,0.12677752274159107,2,,0.0051526370724750215,High
11770,Zone 2,Very High,0.21083165596275322,2,,0.00856886128607554,High
11771,Zone 2,High,0.042118465742603944,2,,0.0017118268548555057,High
11772,Zone 2,Medium,0.05603723738355939,2,,0.002277529490540253,Medium
11775,Zone 2,High,0.215778100014018,2,,0.00876990032236765,High
11776,Zone 2,High,0.2274867279861365,2,,0.00924577577136129,High
11783,Zone 2,High,0.20134833039380873,2,,0.008183429122390715,High
11786,Zone 2,Very High,0.17879615255936598,2,,0.007266837718316237,High
11791,Zone 2,High,0.07910598006585023,2,,0.003215115713947056,High
11793,Zone 2,High,0.17112354468080154,2,,0.006954998813889645,High
11800,Zone 2,Very High,0.27018018185619486,2,,0.010980971951296551,High
11803,Zone 2,High,0.16093136339517164,2,,0.00654075652546154,High
11807,Zone 2,High,0.19401762511585666,2,,0.007885486214486172,High
11809,Zone 2,High,0.19895575062551593,2,,0.008086187159096581,High
11813,Zone 2,High,0.16886621836658045,2,,0.006863253976162878,High
11814,Zone 2,High,0.1748855720310573,2,,0.007107899432022908,High
11833,Zone 2,High,0.22172071697009021,2,,0.009011426957162283,High
11854,Zone 1,Low,0.07712538604020054,24,,0.0034669841861335693,Medium
11856,Zone 1,Low,0.07249037404280478,24,,0.0032586284925992183,Medium
11857,Zone 1,Low,0.07560009025553324,24,,0.003398418223146215,Medium
11858,Zone 1,Low,0.02961054416756549,24,,0.0013310700100515464,Medium
11861,Zone 1,Low,0.07711570287765923,24,,0.003466548903107756,Medium
11864,Zone 1,Low,0.07669311486870019,24,,0.0034475524867585796,Medium
11888,Zone 1,Low,0.10634079720966168,24,,0.004780291953087449,Medium
11893,Zone 1,Very High,0.1937373567645271,24,,0.008708991768492758,High
11907,Zone 1,Low,0.09587546920306206,24,,0.004309848580749973,Medium
11908,Zone 1,Low,0.09999891245450825,24,,0.004495207945275314,Medium
11913,Zone 1,Very High,0.17962225607003393,24,,0.00807448174000508,High
11920,Zone 1,Low,0.1577588541854869,24,,0.007091665672811619,Medium
11922,Zone 1,Low,0.026026243229289883,24,,0.001169946477199886,Medium
11925,Zone 1,Low,0.11371523887579453,24,,0.0051117920459974615,Medium
11928,Zone 1,Very High,0.1666041850749878,24,,0.007489286014044452,High
11930,Zone 1,Low,0.1733692528065271,24,,0.0077933931835196734,Medium
11939,Zone 1,High,0.20367774955956994,24,,0.009155837954862654,High
11957,Zone 1,High,0.14655152714671668,24,,0.0065878675382779325,High
11964,Zone 1,Medium,0.13492835392369862,24,,0.006065376049731084,Medium
11966,Zone 1,Low,0.13896702037599307,24,,0.006246924479399554,Medium
11971,Zone 1,Very High,0.15841886267877553,24,,0.007121334749706128,High
11972,Zone 1,High,0.17653442524475865,24,,0.007935675813833054,High
12003,Zone 1,Low,0.11810468959166269,24,,0.0053091091292441555,Medium
12007,Zone 1,Low,0.10790124446068798,24,,0.004850438064768288,Medium
12011,Zone 1,Very High,0.17084416267425295,24,,0.007679883896803192,High
12018,Zone 2,Low,0.11308251102522048,2,,0.00459602874355552,Medium
12019,Zone 2,Low,0.13794702979229603,2,,0.005606600952397502,Medium
12022,Zone 2,Low,0.069425804865581,2,,0.0028216829624124885,Medium
12033,Zone 2,Medium,0.09262587593810125,2,,0.0037646067844529538,Medium
12035,Zone 2,Medium,0.10387228028011752,2,,0.004221696012034984,Medium
12036,Zone 2,Low,0.09183552886489635,2,,0.003732484594797787,Medium
12040,Zone 1,Medium,0.0939075058408159,24,,0.004221383573232976,Medium
12047,Zone 2,Very High,0.23222719990930163,2,,0.009438443452856491,High
12048,Zone 2,Very High,0.22295639922522367,2,,0.009061648968603364,High
12067,Zone 2,Medium,0.15433635460242098,2,,0.006272714635511615,Medium
12071,Zone 1,Low,0.212901854635435,24,,0.009570485168590563,Medium
12074,Zone 2,Low,0.1150474007331875,2,,0.004675888038276335,Medium
12077,Zone 2,Very High,0.3452988829339205,2,,0.014034032112427767,High
12078,Zone 2,Low,0.10038493501229473,2,,0.004079959337245005,Medium
12081,Zone 2,High,0.13316989716490427,2,,0.005412443264632922,High
12085,Zone 2,Low,0.10489875268347153,2,,0.004263415077410436,Medium
12086,Zone 1,Low,0.1275747306389079,24,,0.005734811796530921,Medium
12095,Zone 2,Low,0.07993166335744172,2,,0.0032486740786033,Medium
12107,Zone 1,Low,0.03236085533133284,24,,0.001454703560576115,Medium
12108,Zone 1,Medium,0.14512706268296074,24,,0.006523834202133891,Medium
12109,Zone 1,Medium,0.16333903958245574,24,,0.007342509338176229,Medium
12114,Zone 1,Very High,0.31589227163232375,24,,0.01420016892622387,High
12115,Zone 1,Very High,0.29459831987333956,24,,0.013242951104711657,High
12126,Zone 1,Very High,0.24550517162217075,24,,0.011036088003299159,High
12127,Zone 1,Medium,0.15637105089750733,24,,0.007029280350676811,Medium
12128,Zone 1,Very High,0.23645363761777924,24,,0.010629198302453862,High
12134,Zone 1,Medium,0.18836899849658506,24,,0.008467670276620378,Medium
12154,Zone 2,Medium,0.07225802568709816,2,,0.002936793320201467,Medium
12156,Zone 2,Medium,0.13159237583435612,2,,0.005348327838533531,Medium
12178,Zone 2,High,0.17795339265935267,2,,0.0072325853066103,High
12179,Zone 2,Very High,0.41307330282519433,2,,0.016788597598054664,High
12192,Zone 2,Very High,0.28855129461918727,2,,0.011727631726926948,High
12209,Zone 2,Medium,0.12718772077698023,2,,0.0051693088101655476,Medium
12212,Zone 2,Medium,0.14079517037940542,2,,0.005722358339506837,Medium
12213,Zone 2,Very High,0.24407828116956945,2,,0.0099201086513084,High
12215,Zone 2,Medium,0.09065766015625416,2,,0.003684612307633534,Medium
12224,Zone 2,High,0.22746367320530902,2,,0.009244838752591553,High
12236,Zone 2,High,0.1833866306460513,2,,0.0074534091787639275,High
12237,Zone 2,High,0.2140245176115204,2,,0.008698629220824153,High
12239,Zone 2,Medium,0.17052496000797673,2,,0.006930670451025993,Medium
12244,Zone 2,Medium,0.15724767892292799,2,,0.006391040008175814,Medium
12260,Zone 2,Very High,0.2893619156171879,2,,0.011760577912620591,High
12265,Zone 2,Very High,0.3600887762489809,2,,0.014635139871477944,High
12268,Zone 2,Medium,0.1763634213522688,2,,0.007167963874325722,Medium
12281,Zone 2,Medium,0.15968634536124035,2,,0.006490155078621391,Medium
12294,Zone 2,Medium,0.1825865546282679,2,,0.007420891574216377,Medium
12298,Zone 2,High,0.1532937174945488,2,,0.0062303385857278475,High
12308,Zone 2,Very High,0.18640034410924422,2,,0.007575895968065819,High
12348,Zone 3,Very Low,0.12647731076842186,38,,0.0028240444565708583,Medium
12357,Zone 3,Very High,0.21530827443310488,38,,0.004807503695109074,High
12361,Zone 3,Very High,0.2667843028739689,38,,0.0059568844961515426,High
12366,Zone 3,Very High,0.19214598283774809,38,,0.004290325232158416,High
12370,Zone 3,Very High,0.21897820752895014,38,,0.004889447675039863,High
12380,Zone 3,Low,0.18639479060320768,38,,0.004161909926282998,Medium
12383,Zone 3,Very Low,0.1292547955747853,38,,0.0028860614343431176,Medium
12385,Zone 3,Low,0.16147424381096587,38,,0.0036054723202351914,Medium
12392,Zone 3,Very High,0.16435251587468697,38,,0.0036697397229548566,High
12394,Zone 3,Low,0.12198084152769373,38,,0.0027236451916254644,Medium
12406,Zone 3,Very High,0.2061606169876887,38,,0.004603250527941112,High
12407,Zone 3,Very Low,0.21832642259930732,38,,0.004874894316763577,Medium
12435,Zone 3,Low,0.1703187334560692,38,,0.0038029562151860046,Medium
12449,Zone 3,Low,0.13682529427207415,38,,0.003055099064489294,Medium
12466,Zone 3,Very High,0.16698650064241227,38,,0.0037285525648534834,High
12476,Zone 3,Very Low,0.10686153013798153,38,,0.0023860541465765693,Medium
12483,Zone 3,Very High,0.1929019698604595,38,,0.004307205263428504,High
12574,Zone 3,Low,0.03528731584643499,38,,0.0007879116665111014,Medium
12590,Zone 3,Low,0.12845627684416902,38,,0.0028682317352376886,Medium
12594,Zone 3,Low,0.18240088622845296,38,,0.004072732164350253,Medium
12599,Zone 3,Very High,0.2310226283068272,38,,0.00515838112661087,High
12624,Zone 3,Low,0.16301393888138854,38,,0.0036398513507665885,Medium
12625,Zone 3,Low,0.1624063462402865,38,,0.0036262847385455303,Medium
12633,Zone 3,Medium,0.17425184035428729,38,,0.003890776462671743,Medium
12652,Zone 3,Very High,0.23251305195048866,38,,0.005191660001717022,High
12659,Zone 3,Very High,0.4614556070802925,38,,0.010303596283089285,High
12660,Zone 3,Medium,0.1729257836211878,38,,0.003861167648699845,Medium
12662,Zone 3,Very High,0.1742035298654168,38,,0.003889697763516455,High
12678,Zone 3,Very High,0.22429328758041286,38,,0.0050081252644380665,High
12695,Zone 3,Very High,0.8362946300014885,38,,0.01867317702730081,High
12705,Zone 3,Very High,0.15872441341288696,38,,0.0035440728230050236,High
12712,Zone 3,Medium,0.14914050863140207,38,,0.0033300789216007503,Medium
12714,Zone 3,Low,0.1186901684555204,38,,0.0026501695066081456,Medium
12723,Zone 3,Very High,0.250390034945695,38,,0.005590825626136899,High
12727,Zone 3,High,0.19370647093477616,38,,0.004325168539097681,High
12730,Zone 3,Very Low,0.06379029183194447,38,,0.0014243394244908157,Medium
12744,Zone 3,High,0.15033515195680672,38,,0.003356753475638871,High
12784,Zone 3,Very Low,0.12545072287369083,38,,0.002801122322666492,Medium
12789,Zone 3,Medium,0.11179901387163753,38,,0.00249630058906277,Medium
12794,Zone 3,High,0.18826658127106158,38,,0.00420370414239416,High
12832,Zone 1,Low,0.12232166511554148,24,,0.005498673009637306,Medium
12839,Zone 2,Medium,0.12826223091305905,2,,0.005212980280014305,Medium
12844,Zone 2,Medium,0.14570077439784,2,,0.005921737508476636,Medium
12855,Zone 2,Medium,0.0951966058665137,2,,0.0038690893303018597,Medium
12870,Zone 3,Medium,0.15231587080707085,38,,0.003400979891073617,Medium
12871,Zone 3,Medium,0.12209905554960546,38,,0.002726284729509695,Medium
12872,Zone 3,Medium,0.17484707826152615,38,,0.0039040672126257536,Medium
12879,Zone 3,Medium,0.13895090125583395,38,,0.003102560609827859,Medium
12884,Zone 2,Very High,0.4319079197526475,2,,0.01755409564003859,High
12885,Zone 3,Medium,0.10346325646984786,38,,0.002310175905205868,Medium
12890,Zone 2,Medium,0.10252858285111048,2,,0.004167083924362287,Medium
12892,Zone 2,Medium,0.09921388480395453,2,,0.0040323641753682235,Medium
12895,Zone 3,Low,0.10328328319786764,38,,0.002306157377946087,Medium
12896,Zone 2,Very High,0.38538260746356534,2,,0.01566316068780864,High
12897,Zone 2,Very High,0.3253672919904766,2,,0.01322394959789616,High
12904,Zone 2,Medium,0.2169867979194168,2,,0.008819025605005294,Medium
12966,Zone 1,Very High,0.19044987689100668,24,,0.008561211104836996,High
12973,Zone 2,Low,0.07025845174981471,2,,0.002855524349365035,Medium
12978,Zone 2,Very High,0.21961873619177974,2,,0.008925995850371935,High
12980,Zone 2,Very High,0.3098662350014297,2,,0.0125939379114625,High
12982,Zone 2,High,0.1657913263395655,2,,0.00673828069770129,High
12988,Zone 2,Medium,0.1820224180668167,2,,0.0073979632908928675,Medium
12993,Zone 3,Very High,0.26602796059065587,38,,0.005939996532456842,High
13000,Zone 3,Medium,0.15482702851920668,38,,0.003457050193117887,Medium
13006,Zone 4,Very Low,0.1373448501369714,30,,0.0020859613562030153,Medium
13020,Zone 2,Medium,0.11653876856604548,2,,0.004736501915390371,Medium
13021,Zone 2,Medium,0.1565418664780089,2,,0.006362353571564198,Medium
13032,Zone 1,Very High,0.2223768101806894,24,,0.009996408755184908,High
13035,Zone 2,Very High,0.6021234500363353,2,,0.02447218989432073,High
13036,Zone 2,High,0.2080972399744824,2,,0.008457726024177019,High
13047,Zone 4,Medium,0.03505348453963624,30,,0.0005323840979623164,Medium
13055,Zone 1,Medium,0.15344788642359683,24,,0.006897876599916554,Medium
13057,Zone 2,Low,0.09762459029899552,2,,0.003967770250449654,Medium
13058,Zone 2,Medium,0.08817175692124728,2,,0.0035835773852728064,Medium
13084,Zone 3,Medium,0.047729780201591104,38,,0.0010657328209519672,Medium
13119,Zone 5,Very Low,0.06193952628854719,40,,0.000580379908767419,Medium
13124,Zone 4,Very Low,0.07482810821003219,30,,0.0011364717492373436,Medium
13125,Zone 4,Very Low,0.12997283767800705,30,,0.0019739969608033267,Medium
13139,Zone 4,Very Low,0.11677899401686097,30,,0.001773611959185226,Medium
13143,Zone 5,Very Low,0.013498963567079417,40,,0.00012648671555896116,Medium
13196,Zone 2,High,0.17568008674141494,2,,0.007140191007553688,High
13205,Zone 2,High,0.10667519289158256,2,,0.004335615192031742,High
13209,Zone 2,High,0.1495876629906856,2,,0.006079712880032829,High
13220,Zone 1,High,0.10734230482192003,24,,0.004825312292462895,High
13221,Zone 1,Very High,0.15119851450124297,24,,0.006796761554871996,High
13222,Zone 1,Very High,0.17735587553837623,24,,0.007972602114288555,High
13225,Zone 1,Low,0.13071922229219993,24,,0.0058761647724461415,Medium
13226,Zone 1,Low,0.08795755844679157,24,,0.00395391815642901,Medium
13227,Zone 2,Medium,0.09324003899610764,2,,0.0037895683018638803,Medium
13229,Zone 2,Medium,0.12507357374059672,2,,0.005083383228400263,Medium
13231,Zone 1,Very High,0.2229283055952696,24,,0.010021199890493819,High
13234,Zone 2,Low,0.1280113746289548,2,,0.005202784692015843,Medium
13235,Zone 2,Low,0.14209732889653687,2,,0.005775282155215765,Medium
13236,Zone 2,High,0.23469179705405788,2,,0.009538612428729854,High
13241,Zone 2,Very High,0.25936631066284715,2,,0.010541462230623225,High
13242,Zone 2,High,0.18836564366341643,2,,0.007655771920224838,High
13243,Zone 2,High,0.17001126412191053,2,,0.006909792235319587,High
13246,Zone 2,High,0.1636294588022032,2,,0.0066504156047581305,High
13249,Zone 2,Medium,0.13673465520828548,2,,0.005557326237982769,Medium
13254,Zone 3,Medium,0.1394903460206119,38,,0.003114605584443003,Medium
13271,Zone 3,Low,0.13285325249534718,38,,0.0029664094608545977,Medium
13284,Zone 4,Very High,0.1864333479281245,30,,0.0028315059421433267,High
13290,Zone 4,High,0.14732961431817665,30,,0.002237607611683457,High
13291,Zone 4,Very Low,0.1364588962265438,30,,0.0020725056960986437,Medium
13293,Zone 4,High,0.1909312844704667,30,,0.002899819546917165,High
13296,Zone 4,Very High,0.25160438318531697,30,,0.0038213083333845928,High
13297,Zone 4,Very Low,0.059413416721228775,30,,0.000902357031930008,Medium
13305,Zone 5,Very Low,0.14350028322145833,40,,0.001344612822774661,Medium
13306,Zone 4,Very Low,0.12275798648286838,30,,0.0018644194938010662,Medium
13316,Zone 5,Very Low,0.07030172174328651,40,,0.000658734564121222,Medium
13317,Zone 5,Very Low,0.0824754315683367,40,,0.0007728035120287244,Medium
13337,Zone 5,Very Low,0.012721953380463231,40,,0.00011920604797492377,Medium
13339,Zone 1,Medium,0.16007638745494226,24,,0.007195844745469382,Medium
13340,Zone 2,Very High,0.21333700033115088,2,,0.008670686357214017,High
13341,Zone 2,High,0.08798772407660294,2,,0.00357609771192566,High
13345,Zone 2,Medium,0.08070677515593257,2,,0.0032801770587992246,Medium
13412,Zone 4,Very Low,0.1072941099369958,30,,0.001629557765388133,Medium
13503,Zone 3,Very Low,0.14567284884651252,38,,0.003252651394613546,Medium
13518,Zone 5,Very Low,0.06883702378521296,40,,0.0006450101894251932,Medium
13522,Zone 4,Very High,0.3173537522745728,30,,0.004819894323162433,High
13527,Zone 4,Low,0.16265063566542148,30,,0.0024702996888603013,Medium
13530,Zone 4,Very High,0.20037365407649618,30,,0.003043228040861573,High
13531,Zone 5,Very Low,0.08909222054964132,40,,0.0008348035242246992,Medium
13541,Zone 2,Very High,0.2206278843720025,2,,0.008967010804857482,High
13549,Zone 2,Very High,0.29301102682355473,2,,0.011908889263693722,High
13550,Zone 2,Very High,0.2775621646567835,2,,0.011280998938921287,High
13554,Zone 2,Medium,0.19118513771160087,2,,0.007770365021936643,Medium
13562,Zone 1,Medium,0.13775182452780294,24,,0.006192298304996558,Medium
13563,Zone 2,Medium,0.12218339872144506,2,,0.00496591742982983,Medium
13566,Zone 2,Very High,0.3476557562967938,2,,0.014129822855156056,High
13567,Zone 2,High,0.22279221220942033,2,,0.009054975892129297,High
13568,Zone 2,Very High,0.22111589034193502,2,,0.008986844901611278,High
13570,Zone 3,Very Low,0.10397857799533138,38,,0.0023216822448690975,Medium
13572,Zone 3,High,0.11264841360168285,38,,0.0025152663828836015,High
13573,Zone 3,Very Low,0.17816768687590623,38,,0.003978211312408612,Medium
13581,Zone 3,High,0.10717808279480863,38,,0.002393122282120361,High
13592,Zone 4,Low,0.08750317000939008,30,,0.0013289776136696672,Medium
13593,Zone 4,Low,0.13129334107510623,30,,0.001994052456545153,Medium
13594,Zone 4,Very Low,0.08111306659643178,30,,0.0012319262224578472,Medium
13595,Zone 4,Very Low,0.06669663725670218,30,,0.001012972876430552,Medium
13597,Zone 4,Very Low,0.03855818489287436,30,,0.0005856126645568044,Medium
13612,Zone 2,Very High,0.23648477840473311,2,,0.009611484827385065,High
13629,Zone 1,Medium,0.1269372567363102,24,,0.005706155707364287,Medium
13643,Zone 2,Very High,0.2518256922213954,2,,0.010234987791853754,High
13644,Zone 2,Medium,0.15960999834642264,2,,0.00648705209592844,Medium
13669,Zone 2,Medium,0.11972212447235209,2,,0.004865883506882352,Medium
13677,Zone 3,Very High,0.3355189572487959,38,,0.007491623956393198,High
13691,Zone 5,Very Low,0.010443582711361657,40,,9.78574739656318e-05,Medium
13699,Zone 2,Very High,0.2245702660958442,2,,0.00912724159171013,High
13704,Zone 2,Very High,0.2621242031514937,2,,0.010653551651299676,High
13706,Zone 2,High,0.13996245346610453,2,,0.005688514106352849,High
13708,Zone 2,High,0.1990264751494935,2,,0.008089061626086464,High
13711,Zone 2,High,0.17699920570887173,2,,0.007193804149282109,High
13727,Zone 3,Low,0.0774073634005219,38,,0.0017283877573050761,Medium
13748,Zone 3,Medium,0.13958636364964971,38,,0.003116749510901985,Medium
13764,Zone 4,Very Low,0.10763016956368086,30,,0.0016346617601425487,Medium
13765,Zone 4,Very Low,0.16556508206713444,30,,0.002514563616940861,Medium
13782,Zone 4,Very Low,0.1149827682496303,30,,0.001746331303713087,Medium
13783,Zone 4,Low,0.10151092125733138,30,,0.0015417240527343284,Medium
13784,Zone 4,Very Low,0.12903840578017003,30,,0.001959805028401438,Medium
13786,Zone 4,Very Low,0.14336350831215194,30,,0.0021773713243023025,Medium
13792,Zone 5,Medium,0.062266155711399415,40,,0.0005834404609865723,Medium
13804,Zone 5,Very Low,0.032791646566306766,40,,0.0003072611946340567,Medium
13813,Zone 5,Very Low,0.015048091409308049,40,,0.00014100220719435593,Medium
13831,Zone 2,Medium,0.13416311907505787,2,,0.005452810925435723,Medium
13837,Zone 2,High,0.1373514136920019,2,,0.005582393241653745,High
13838,Zone 2,High,0.11892425044947416,2,,0.004833455398330133,High
13841,Zone 2,High,0.1639615621268658,2,,0.0066639133278997694,High
13845,Zone 2,High,0.14885522592041422,2,,0.006049944334947531,High
13852,Zone 2,Very High,0.22768571760113163,2,,0.009253863334874825,High
13865,Zone 5,Very Low,0.04150101315523927,40,,0.00038886888021368135,Medium
13867,Zone 1,Medium,0.11392813028395346,24,,0.005121362061570102,Medium
13870,Zone 2,Medium,0.08581342450240116,2,,0.0034877273419229716,Medium
13872,Zone 2,Very High,0.35844312661447103,2,,0.014568255496931803,High
13873,Zone 2,Medium,0.22238271818863287,2,,0.009038332767805381,Medium
13874,Zone 2,Medium,0.10361051349251955,2,,0.0042110569868753795,Medium
13876,Zone 2,Medium,0.07356475891894074,2,,0.002989903066697706,Medium
13886,Zone 3,Low,0.12851549432074938,38,,0.0028695539707078517,Medium
13887,Zone 3,Very Low,0.09667267403507837,38,,0.002158552609570567,Medium
13888,Zone 3,Low,0.10068305582742505,38,,0.0022480982869778465,Medium
13931,Zone 4,Medium,0.14043363598945244,30,,0.002132873110953459,Medium
13936,Zone 4,Very Low,0.11021721351108442,30,,0.0016739531765713475,Medium
13949,Zone 5,Very Low,0.056939599025461064,40,,0.0005335300617848109,Medium
13959,Zone 3,Very High,0.5658972299479776,38,,0.012635617610098645,High
13965,Zone 2,Very High,0.32089061514644207,2,,0.013042003377704746,High
13996,Zone 5,Very Low,0.11677133121913509,40,,0.0010941597170746023,Medium
14016,Zone 1,Low,0.11192830228191636,24,,0.005031464656655517,Medium
14018,Zone 2,High,0.10734731793602566,2,,0.0043629324667855286,High
14019,Zone 3,Low,0.11441419231000659,38,,0.0025546935144574456,Medium
14035,Zone 2,Very High,0.23732024970097407,2,,0.00964544100732064,High
14039,Zone 2,Very High,0.2611721473423887,2,,0.010614857110256634,High
14040,Zone 2,Very High,0.2925312030655388,2,,0.011889387717754493,High
14041,Zone 3,Very High,0.19684212400150525,38,,0.004395182865042984,High
14042,Zone 3,Low,0.15312919028025163,38,,0.003419140068070603,Medium
14043,Zone 2,Medium,0.156992947473336,2,,0.0063806869212696396,Medium
14076,Zone 3,High,0.12182974589197687,38,,0.0027202714577133037,High
14081,Zone 2,High,0.22817145493117935,2,,0.00927360522697182,High
14086,Zone 1,High,0.14549202047982662,24,,0.0065402399924359405,High
14136,Zone 1,Low,0.13428092577645287,24,,0.006036272491701711,Medium
14245,Zone 3,Low,0.11158364052416249,38,,0.0024914916323863926,Medium
14435,Zone 2,Very High,0.26148288828197247,2,,0.010627486598912113,High
14495,Zone 1,Very High,0.165824141659046,24,,0.007454221059087101,High
14676,Zone 4,Very Low,0.15412263644030047,30,,0.0023407784377060645,Medium
14678,Zone 4,Very Low,0.12236544555426547,30,,0.0018584576742863403,Medium
14679,Zone 4,Very Low,0.20389833925143164,30,,0.0030967601322386055,Medium
14795,Zone 4,Very Low,0.05765668414462909,30,,0.0008756761897701793,Medium
14796,Zone 4,Very Low,0.06729348288265141,30,,0.001022037627748911,Medium
14799,Zone 2,Very High,0.19505849075756868,2,,0.007927790266316263,High
15118,Zone 4,Very Low,0.12946803029023185,30,,0.0019663300646497782,Medium
15196,Zone 1,High,0.14965353578310744,24,,0.006727310793472931,High
15236,Zone 5,Very Low,0.07454247490887199,40,,0.0006984708695602053,Medium
15375,Zone 3,Low,0.08662321367011569,38,,0.0019341635656956143,Medium
15403,Zone 2,High,0.1672725673307979,2,,0.00679848298813609,High
15455,Zone 4,Very Low,0.025921474345280436,30,,0.00039368926993723225,Medium
15456,Zone 2,High,0.1431857720176691,2,,0.005819519905377975,High
15460,Zone 5,Very Low,0.051435124101189035,40,,0.0004819525498826535,Medium
15461,Zone 5,Very Low,0.06902656404123443,40,,0.000646786201659853,Medium
15462,Zone 5,Very Low,0.052018892917878146,40,,0.00048742252540350173,Medium
15516,Zone 5,Very Low,0.05727925677819961,40,,0.0005367126908321855,Medium
15517,Zone 5,Very Low,0.09682794655584427,40,,0.000907288094623488,Medium
15621,Zone 4,Very High,0.4673157096914437,30,,0.007097481344155144,High
15655,Zone 4,Very Low,0.16000147376443377,30,,0.0024300648395283123,Medium
15657,Zone 5,Very Low,0.055776461084635146,40,,0.000522631336327408,Medium
15659,Zone 5,Very Low,0.10960746805396271,40,,0.001027033561946196,Medium
15796,Zone 1,Very High,0.17196376587380124,24,,0.007730212936136042,High
15860,Zone 5,Very Low,0.1272092140918983,40,,0.0011919637829500538,Medium
15956,Zone 5,Very Low,0.011729892289791296,40,,0.00010991033068749035,Medium
15957,Zone 5,Very Low,0.013858568284119325,40,,0.00012985624977037384,Medium
16015,Zone 5,Very Low,0.07250274634512728,40,,0.0006793583973042568,Medium
16055,Zone 5,Very Low,0.05483112143826941,40,,0.0005137734039119092,Medium
16165,Zone 4,Medium,0.14157194573342893,30,,0.002150161492243011,Medium
16216,Zone 4,Very Low,0.11933320829383456,30,,0.0018124047662829471,Medium
16255,Zone 5,Very Low,0.025365174802447443,40,,0.00023767436917637713,Medium
16736,Zone 5,Very Low,0.0488043724229403,40,,0.00045730212856850055,Medium
16755,Zone 1,Very High,0.19148692566885486,24,,0.00860782911088723,High
16939,Zone 4,Very Low,0.08280739236851552,30,,0.0012576592447143121,Medium
17015,Zone 1,Medium,0.18642331213840294,24,,0.00838020667765081,Medium
17077,Zone 5,Very Low,0.08510014923758695,40,,0.0007973973940407243,Medium
17176,Zone 4,Very Low,0.14191426225349446,30,,0.0021553605152259217,Medium
17177,Zone 2,Very High,0.21152029833498281,2,,0.008596849876955802,High
17235,Zone 4,Very Low,0.1929492772786993,30,,0.002930468348170877,Medium
17357,Zone 1,High,0.13602836139605134,24,,0.006114824210798149,High
17495,Zone 3,Medium,0.10515052048096762,38,,0.002347849923956146,Medium
17575,Zone 1,High,0.17579616260826067,24,,0.007902489012218631,High
18015,Zone 1,Medium,0.14211837255048385,24,,0.006388585853362757,Medium
18117,Zone 5,Very Low,0.06352382046161315,40,,0.0005952249126400882,Medium
18217,Zone 1,Low,0.08472155841642767,24,,0.003808451643940482,Medium
18235,Zone 1,Low,0.1444371829429809,24,,0.006492822335981322,Medium
18275,Zone 1,Very High,0.17540099557823782,24,,0.007884725239298826,High
18639,Zone 1,Low,0.13406747428892923,24,,0.0060266772991231544,Medium
18657,Zone 2,Very High,0.23625906354758475,2,,0.00960231106601475,High
18717,Zone 4,Low,0.08069128486098341,30,,0.0012255203004300458,Medium
18755,Zone 3,Very High,0.21400282460628717,38,,0.004778355001763545,High
18898,Zone 2,Medium,0.13350218396298172,2,,0.0054259484447109225,Medium
18936,Zone 3,Low,0.0977621848993713,38,,0.002182879716922761,Medium
19015,Zone 3,Very High,0.4608341714470126,38,,0.010289720578074554,High
19016,Zone 3,Very Low,0.09916071737032958,38,,0.0022141068030139223,Medium
19098,Zone 4,Very Low,0.02815732739070251,30,,0.00042764688135293546,Medium
19115,Zone 3,Very Low,0.14912389449322463,38,,0.003329707953365138,Medium
19135,Zone 3,Very High,0.20728071393212547,38,,0.00462826057557369,High
19195,Zone 3,Very Low,0.13875949038443372,38,,0.0030982866985071558,Medium
19235,Zone 4,Medium,0.13971426730210698,30,,0.00212194750812839,Medium
19278,Zone 4,Very Low,0.13807503597641274,30,,0.0020970512473958945,Medium
19335,Zone 5,Very Low,0.0308562133502663,40,,0.00028912598081084904,Medium
19336,Zone 1,Very High,0.1481972421578812,24,,0.006661846654772934,High
19355,Zone 1,Very High,0.23577407480657436,24,,0.010598650208747026,High
19356,Zone 3,Low,0.13554143690123252,38,,0.0030264324975839345,Medium
19556,Zone 4,Very Low,0.08983587620892813,30,,0.0013644062080636972,Medium
19635,Zone 4,Very High,0.18924493371351309,30,,0.0028742076473191767,High
19655,Zone 2,High,0.12381344328535157,2,,0.005032167565249266,High
19755,Zone 3,Very Low,0.08271600869028375,38,,0.0018469216683391493,Medium
19855,Zone 3,Medium,0.1193502880502694,38,,0.002664908965179004,Medium
19875,Zone 3,Medium,0.16352338028461233,38,,0.0036512263963141348,Medium
19939,Zone 2,Very High,0.17629514250095113,2,,0.007165188807161155,High
19977,Zone 3,Very High,0.22506328965177597,38,,0.005025318230259126,High
19995,Zone 3,Medium,0.12533041736909528,38,,0.002798436085180228,Medium
20075,Zone 4,Very Low,0.06402669488588973,30,,0.0009724224181989579,Medium
20096,Zone 4,Very Low,0.05219540590072877,30,,0.0007927315772791589,Medium
20115,Zone 2,High,0.17514504565229952,2,,0.007118445255692827,High
20315,Zone 2,Very High,0.21493540212574408,2,,0.008735650431013747,High
20316,Zone 4,Medium,0.1730646351722412,30,,0.002628465069747019,Medium
20396,Zone 5,Very Low,0.08135484479684847,40,,0.0007623034955259738,Medium
20455,Zone 2,High,0.11433628964486042,2,,0.004646986248139367,High
20559,Zone 3,Low,0.13375256572529798,38,,0.0029864897466096735,Medium
20576,Zone 4,Very Low,0.14309757444032634,30,,0.0021733323830578333,Medium
20595,Zone 2,Very High,0.24961259167917352,2,,0.010145040428532811,High
20776,Zone 2,Very High,0.19121304364906247,2,,0.007771499206962484,High
20796,Zone 2,Very High,0.36378294541803025,2,,0.01478528251980241,High
20815,Zone 2,Medium,0.15169751901602518,2,,0.0061654640616197135,Medium
20876,Zone 4,Very Low,0.09858531860139996,30,,0.001497290686082489,Medium
20897,Zone 4,Very Low,0.06401880825322004,30,,0.0009723026378725524,Medium
21016,Zone 5,Very Low,0.07104001715360823,40,,0.000665652470158956,Medium
21055,Zone 1,Low,0.03062982535195391,24,,0.0013768893171426798,Medium
21176,Zone 4,Very Low,0.13419141082577557,30,,0.0020380676598924083,Medium
21335,Zone 2,Very High,0.2582499114223679,2,,0.010496088255885595,High
21336,Zone 2,High,0.12318635774724243,2,,0.005006680837622791,High
21337,Zone 4,Very High,0.24464131321641144,30,,0.0037155548605664313,High
21397,Zone 4,Very High,0.18988961457665726,30,,0.0028839989089956145,High
21415,Zone 1,Very High,0.19328137549877128,24,,0.008688494239485582,High
21495,Zone 3,Low,0.05689728214360036,38,,0.0012704290853067413,Medium
21516,Zone 4,Very High,0.37309225956216285,30,,0.005666437692924029,High
21517,Zone 4,Very Low,0.101877050808215,30,,0.001547284742441627,Medium
21676,Zone 3,High,0.1833222981357297,38,,0.004093305879692189,High
21755,Zone 1,Low,0.11086327965594811,24,,0.004983589154286145,Medium
21795,Zone 4,Very Low,0.08330615055354226,30,,0.00126523426699595,Medium
21915,Zone 1,High,0.12896522941803737,24,,0.005797318287915835,High
21957,Zone 4,Very Low,0.019181491093053175,30,,0.0002913239858251562,Medium
22015,Zone 2,Very High,0.4848669253238989,2,,0.019706516112743728,High
22035,Zone 4,Very Low,0.08703620072385214,30,,0.0013218853937342681,Medium
22095,Zone 1,Medium,0.09105810342220073,24,,0.004093295616303718,Medium
22315,Zone 2,Medium,0.16513451610275642,2,,0.006711585864874641,Medium
22335,Zone 2,Medium,0.21598956890731272,2,,0.008778495082982169,Medium
22435,Zone 4,Very Low,0.09404748464353677,30,,0.001428371128723561,Medium
22455,Zone 2,High,0.1430750052036761,2,,0.005815017993841624,High
22596,Zone 1,High,0.17637645965503918,24,,0.007928574854867025,High
22775,Zone 3,Very High,0.2504961621008155,38,,0.005593195282815151,High
22796,Zone 4,Very Low,0.09520855051534173,30,,0.0014460051247428946,Medium
22915,Zone 2,Very High,0.33685622162379547,2,,0.013690895815739196,High
22955,Zone 1,Very High,0.18759085259379643,24,,0.008432690619752709,High
22995,Zone 4,Low,0.2810208693463536,30,,0.004268079022682434,Medium
23055,Zone 5,Very Low,0.1400541798593591,40,,0.0013123224699944196,Medium
23056,Zone 5,Very Low,0.10003440059052142,40,,0.0009373329078731646,Medium
23375,Zone 2,High,0.17613645919742588,2,,0.007158739418855993,High
23436,Zone 2,Very High,0.3299763000562144,2,,0.013411274174944908,High
23695,Zone 2,Very High,0.2570665810769126,2,,0.010447993990631605,High
23755,Zone 4,Very Low,0.14696915548113468,30,,0.002232133047447364,Medium
23816,Zone 4,Very Low,0.11340926744579798,30,,0.0017224333427231023,Medium
24035,Zone 2,Medium,0.15224827622648127,2,,0.006187848566058354,Medium
24115,Zone 3,Very High,0.19449744314089046,38,,0.004342829735879993,High
24135,Zone 1,Medium,0.12274069775029438,24,,0.005517509602784535,Medium
24155,Zone 5,Very Low,0.038533240761747724,40,,0.0003610605391722425,Medium
24175,Zone 5,Very Low,0.06548905712989772,40,,0.0006136393879612577,Medium
24196,Zone 3,High,0.11547325526183531,38,,0.002578340766601727,High
24197,Zone 3,Medium,0.16981175732422885,38,,0.0037916362153691285,Medium
24295,Zone 4,Very Low,0.12563073573208502,30,,0.0019080501353136601,Medium
24315,Zone 3,Medium,0.13051630263359043,38,,0.0029142289530442915,Medium
24455,Zone 2,Very High,0.20104258734858665,2,,0.008171002763873884,High
24456,Zone 3,Low,0.07849805345884216,38,,0.001752741194252166,Medium
24495,Zone 2,Medium,0.19257162635972908,2,,0.007826716279276422,Medium
24535,Zone 5,Very Low,0.11240290315307745,40,,0.0010532270843220599,Medium
24575,Zone 3,Very High,0.18565204304536714,38,,0.004145325511967045,High
24615,Zone 2,High,0.04790577907348435,2,,0.0019470414620970814,High
24695,Zone 3,Medium,0.18241196204604912,38,,0.004072979470377669,Medium
24696,Zone 3,Low,0.13135126177131584,38,,0.0029328723105764105,Medium
24715,Zone 1,High,0.16149656355596834,24,,0.007259685308694775,High
24735,Zone 2,Very High,0.21186498702706583,2,,0.008610859108993804,High
24937,Zone 1,Medium,0.10311467039689308,24,,0.004635269267087534,Medium
24975,Zone 2,High,0.22869321723548489,2,,0.00929481128727373,High
25055,Zone 2,Very High,0.2383941460867458,2,,0.009689087532427487,High
25235,Zone 3,Very High,0.1897694151477309,38,,0.0042372601189781785,High
25695,Zone 2,Medium,0.16301382691211014,2,,0.006625394389393662,Medium
25736,Zone 4,Very Low,0.0818947579142882,30,,0.0012437983667712435,Medium
25815,Zone 1,Medium,0.1617176155697222,24,,0.007269622164448056,Medium
25835,Zone 2,High,0.21765853632543755,2,,0.008846327165558127,High
25855,Zone 5,Very Low,0.040020648241403445,40,,0.0003749977044860526,Medium
25895,Zone 1,Very High,0.20832443877476894,24,,0.009364718569328237,High
25896,Zone 1,Very High,0.2467427022384102,24,,0.011091718182889078,High
26055,Zone 4,Very Low,0.10540523800235249,30,,0.0016008700216645568,Medium
26135,Zone 3,Very Low,0.1181545286653017,38,,0.002638209491241789,Medium
26155,Zone 3,Very Low,0.09658001181770608,38,,0.002156483604310146,Medium
26235,Zone 1,Medium,0.10096432751805909,24,,0.004538605831888696,Medium
26295,Zone 2,High,0.13111825024882454,2,,0.005329057884237306,High
26315,Zone 3,Low,0.13798852814658796,38,,0.003081072293640497,Medium
26335,Zone 3,Very High,0.17396319389069012,38,,0.003884331429641883,High
26435,Zone 2,Medium,0.19193530683922486,2,,0.007800854253576705,Medium
26495,Zone 4,Very Low,0.06221775710526516,30,,0.0009449486956502393,Medium
26575,Zone 1,Very High,0.2285335666851021,24,,0.010273170772655367,High
26595,Zone 2,High,0.2029548919893705,2,,0.00824872483615363,High
26615,Zone 4,Very Low,0.08298126924047321,30,,0.0012603000458457669,Medium
26675,Zone 4,Very Low,0.10496846720161881,30,,0.0015942364492303547,Medium
26738,Zone 1,Low,0.07063296395765646,24,,0.00317513313882533,Medium
26775,Zone 3,Very High,0.21528260872774835,38,,0.004806930619254633,High
26795,Zone 3,Low,0.12309115235874885,38,,0.002748436730348588,Medium
26935,Zone 5,Very Low,0.2292784543174548,40,,0.0021483633533003633,Medium
26955,Zone 1,Medium,0.09698715821563889,24,,0.004359821857052194,Medium
27015,Zone 5,Very Low,0.0438294819849894,40,,0.00041068687928397837,Medium
27055,Zone 2,Very High,0.2707741853909523,2,,0.011005114122307508,High
27095,Zone 1,Medium,0.15472648062690234,24,,0.0069553526932100325,Medium
27215,Zone 2,Medium,0.16896639113988382,2,,0.006867325312581303,Medium
27315,Zone 2,Low,0.13293954024237958,2,,0.005403080835132535,Medium
27436,Zone 3,Very High,0.19741306730607489,38,,0.0044079311537636254,High
27476,Zone 5,Very Low,0.070307313435138,40,,0.0006587869588649518,Medium
27536,Zone 3,Very Low,0.3071349698700032,38,,0.006857853031588954,Medium
27856,Zone 4,Very Low,0.040156512620955494,30,,0.0006098876910466948,Medium
27876,Zone 3,High,0.10088715954936746,38,,0.002252655610192698,High
27976,Zone 3,Low,0.16515778002210796,38,,0.0036877200368766413,Medium
27996,Zone 4,Low,0.03371866757633403,30,,0.000512111211135647,Medium
28036,Zone 4,Very Low,0.09535643517070087,30,,0.0014482511621876693,Medium
28096,Zone 1,Low,0.1648002768710264,24,,0.0074081957072405285,Medium
28196,Zone 4,Very Low,0.05790404895544344,30,,0.0008794331084732003,Medium
28256,Zone 1,Medium,0.09985193492035667,24,,0.00448860092762804,Medium
28296,Zone 4,Very Low,0.12211964025207335,30,,0.0018547244410343385,Medium
28316,Zone 3,Very High,0.40605499614347035,38,,0.009066585571395423,High
28336,Zone 4,Very Low,0.08474455417044711,30,,0.0012870804036111477,Medium
28396,Zone 2,High,0.1781268546139564,2,,0.007239635345754674,High
28416,Zone 2,Medium,0.07703695313701679,2,,0.003131023955195891,Medium
28636,Zone 3,Low,0.15847624577222283,38,,0.0035385316200362083,Medium
28676,Zone 4,Very Low,0.1511137335564943,30,,0.0022950799267394857,Medium
28896,Zone 4,Very Low,0.16995929402008977,30,,0.0025813018769898473,Medium
28956,Zone 4,Very Low,0.15469602109629724,30,,0.002349486869317852,Medium
28976,Zone 2,Very High,0.20333140707128392,2,,0.008264027592726396,High
28996,Zone 1,Medium,0.1548900907268736,24,,0.006962707387408859,Medium
29016,Zone 3,Low,0.15187674193696313,38,,0.003391174816599678,Medium
29056,Zone 3,Very Low,0.1353428739683193,38,,0.003021998891693936,Medium
29096,Zone 4,Very Low,0.027699860542660514,30,,0.00042069898220849775,Medium
29116,Zone 3,Very High,0.19238080517278638,38,,0.004295568454911295,High
29276,Zone 2,High,0.16191687100356475,2,,0.0065808106527894825,High
29296,Zone 4,Very Low,0.15608448370083966,30,,0.0023705745135558414,Medium
29336,Zone 2,High,0.1882471349785908,2,,0.0076509553547198655,High
29356,Zone 3,Very High,0.1893503521000249,38,,0.004227903083557061,High
29376,Zone 4,Low,0.0943064629438103,30,,0.001432304430379408,Medium
29416,Zone 5,Very Low,0.016131074734209654,40,,0.00015114987542764124,Medium
29417,Zone 3,Very High,0.2229895905425479,38,,0.004979015708182781,High
29436,Zone 4,Low,0.053292606089580495,30,,0.0008093955962917456,Medium
29458,Zone 5,Very Low,0.025628355785653773,40,,0.00024014040280910211,Medium
29476,Zone 5,Very Low,0.09919165132538271,40,,0.0009294362581742882,Medium
29537,Zone 3,Low,0.1433740214102081,38,,0.003201322102120957,Medium
29557,Zone 5,Very Low,0.04297278876149853,40,,0.0004026595732213675,Medium
29576,Zone 4,Very Low,0.06468624311859555,30,,0.0009824394819957021,Medium
29596,Zone 5,Very Low,0.05088682270072959,40,,0.00047681490780103263,Medium
29656,Zone 2,High,0.20314235807232853,2,,0.008256344047098853,High
29697,Zone 3,Very High,0.25891173451556504,38,,0.005781102113553032,High
29756,Zone 5,Very Low,0.15395043660453944,40,,0.0014425318646288702,Medium
29776,Zone 4,Very Low,0.10379409438900077,30,,0.0015764003505163977,Medium
29816,Zone 2,Low,0.15340048198680872,2,,0.006234677830326938,Medium
29876,Zone 3,High,0.14020060556515956,38,,0.003130464591227066,High
29896,Zone 3,Medium,0.08652418472132993,38,,0.00193195240108309,Medium
29936,Zone 1,Medium,0.18006448975689976,24,,0.008094361280032799,Medium
29957,Zone 1,Low,0.04088242546174457,24,,0.0018377700241626466,Medium
29996,Zone 4,Very Low,0.013199928169509417,30,,0.00020047741170340627,Medium
30036,Zone 1,Very High,0.20432073618503796,24,,0.009184741855080815,High
30076,Zone 3,Low,0.16572760382664842,38,,0.0037004433288778536,Medium
30097,Zone 4,Very Low,0.13885277042891112,30,,0.0021088632957667027,Medium
30117,Zone 5,Very Low,0.05659637959566937,40,,0.0005303140594469543,Medium
30137,Zone 3,Very High,0.21716954641946787,38,,0.004849063045187945,High
30156,Zone 4,Low,0.08055347176993737,30,,0.0012234272275407874,Medium
30157,Zone 4,Low,0.162488708826922,30,,0.00246784038203296,Medium
30176,Zone 4,Very Low,0.12063154841663884,30,,0.0018321236514153467,Medium
30177,Zone 3,Very High,0.2740220175012595,38,,0.006118491568180978,High
30196,Zone 2,Medium,0.14757724590079221,2,,0.005998003209386899,Medium
30216,Zone 5,Very Low,0.13246756516749472,40,,0.0012412350883730984,Medium
30217,Zone 5,Very Low,0.1547421257169605,40,,0.0014499500752993655,Medium
30236,Zone 4,Very Low,0.11944743954621667,30,,0.001814139683740006,Medium
30257,Zone 3,Very Low,0.1191765916744611,38,,0.002661030591388104,Medium
30297,Zone 3,Medium,0.14837872421960605,38,,0.003313069443519945,Medium
30377,Zone 3,Medium,0.10190397479615534,38,,0.0022753595358502086,Medium
30397,Zone 4,Medium,0.045330695169300585,30,,0.0006884719614800172,Medium
30437,Zone 3,Low,0.17904766871767847,38,,0.003997859957901162,Medium
30517,Zone 5,Very Low,0.0805618755871603,40,,0.0007548732902087705,Medium
30518,Zone 5,Very Low,0.048982338490505144,40,,0.0004589696894338487,Medium
30537,Zone 3,Very High,0.1806166322558676,38,,0.0040328925084484905,High
30559,Zone 2,High,0.17814400894862623,2,,0.007240332551843435,High
30560,Zone 3,Medium,0.114999964296215,38,,0.0025677729049063402,Medium
30637,Zone 4,Very High,0.3978341823127289,30,,0.006042212210020013,High
30657,Zone 1,Low,0.02253467243951087,24,,0.0010129914026849906,Medium
30717,Zone 2,Low,0.046935068269233174,2,,0.0019075887234059207,Medium
30737,Zone 4,Low,0.0580402888794385,30,,0.0008815022884704281,Medium
30757,Zone 5,Very Low,0.025857577706324193,40,,0.00024228823643615376,Medium
30817,Zone 3,Low,0.06298093990449628,38,,0.0014062678367076917,Medium
30837,Zone 2,High,0.23196576391278878,2,,0.009427817872086488,High
30857,Zone 4,Low,0.1568688878553057,30,,0.002382487859795103,Medium
30877,Zone 5,Very Low,0.05417503861979515,40,,0.0005076258385502353,Medium
30897,Zone 3,Medium,0.18447383136255133,38,,0.004119017851317813,Medium
30917,Zone 4,Very Low,0.1309307483252653,30,,0.001988545482942187,Medium
30957,Zone 4,Very Low,0.0888145230267502,30,,0.0013488941355911334,Medium
30977,Zone 4,Very Low,0.13945902836849022,30,,0.002118070999095893,Medium
30997,Zone 3,Low,0.13058103461162635,38,,0.002915674318878088,Medium
31038,Zone 2,High,0.19310124094292175,2,,0.007848241480877373,High
31077,Zone 4,Very Low,0.07829124727744428,30,,0.0011890690927749735,Medium
31117,Zone 2,Medium,0.12076877940915887,2,,0.004908422853864798,Medium
31137,Zone 5,Very Low,0.027043867047702723,40,,0.0002534038929640007,Medium
31157,Zone 2,High,0.19899342639705395,2,,0.008087718420892542,High
31177,Zone 4,Very Low,0.10958846001811512,30,,0.0016644038160558011,Medium
31217,Zone 3,Medium,0.08956964369580936,38,,0.0019999528312182623,Medium
31297,Zone 4,Very Low,0.06224803702869424,30,,0.0009454085800221603,Medium
31317,Zone 4,Very Low,0.15394654405058764,30,,0.002338103987810811,Medium
31338,Zone 3,Very High,0.18920762036256208,38,,0.004224716102670848,High
31357,Zone 3,Low,0.13080259120487525,38,,0.002920621337953525,Medium
31397,Zone 4,Very Low,0.13408090710535064,30,,0.002036389355316058,Medium
31398,Zone 5,Very Low,0.09033866712690514,40,,0.0008464828604118342,Medium
31437,Zone 3,Medium,0.14121741172597743,38,,0.003153168314008794,Medium
31457,Zone 5,Very Low,0.08081382380158873,40,,0.0007572340716106638,Medium
31477,Zone 1,Very High,0.4019996331799485,24,,0.018070915980114725,High
31497,Zone 2,High,0.12228927820884003,2,,0.004970220705049034,High
31517,Zone 3,Low,0.12222337797806958,38,,0.002729060658747899,Medium
31557,Zone 3,Low,0.17766205586202702,38,,0.0039669213470137086,Medium
31577,Zone 2,Medium,0.10071297125605165,2,,0.004093291761433026,Medium
31637,Zone 4,Very High,0.294331405093328,30,,0.004470236316318544,High
31677,Zone 2,Medium,0.1515232240399996,2,,0.006158380165866,Medium
31697,Zone 2,Very High,0.24454544514231627,2,,0.009939095663775956,High
31717,Zone 2,Medium,0.22259934598718906,2,,0.009047137202547685,Medium
31738,Zone 5,Very Low,0.07740284749222948,40,,0.0007252728630277725,Medium
31757,Zone 4,Very Low,0.22021236873966124,30,,0.003344533784053474,Medium
31777,Zone 4,Low,0.12896412261395507,30,,0.0019586768331033523,Medium
31797,Zone 5,Very Low,0.10627068800007076,40,,0.0009957675801200994,Medium
31817,Zone 4,Very Low,0.1454804901444221,30,,0.0022095235476255323,Medium
31857,Zone 3,Low,0.11536478819476549,38,,0.0025759188632767907,Medium
31877,Zone 3,Medium,0.13211191089971536,38,,0.002949856439519389,Medium
31917,Zone 5,Very Low,0.013184728390784954,40,,0.00012354229874021294,Medium
31958,Zone 3,Low,0.16879460456385814,38,,0.0037689247535507312,Medium
31959,Zone 3,Low,0.1741100686641004,38,,0.003887610918169425,Medium
32017,Zone 3,Medium,0.13991962517543,38,,0.003124190729874386,Medium
32037,Zone 4,Very Low,0.10768435994089454,30,,0.0016354847908760127,Medium
32057,Zone 3,Medium,0.14401816566708608,38,,0.0032157048558877476,Medium
32097,Zone 3,Low,0.08103630089979508,38,,0.001809416368411688,Medium
32117,Zone 1,Very High,0.2478929662892632,24,,0.011143425506235333,High
32137,Zone 2,Medium,0.06506879038705175,2,,0.002644600196935678,Medium
32157,Zone 1,Low,0.1449927729802506,24,,0.006517797535096478,Medium
32197,Zone 2,Medium,0.18463968337893946,2,,0.007504337181028224,Medium
32217,Zone 1,Very High,0.17565776325309435,24,,0.00789626760574836,High
32237,Zone 5,Very Low,0.017438967186561283,40,,0.00016340496595961042,Medium
32257,Zone 4,Very Low,0.21088328144307797,30,,0.0032028457952434828,Medium
32277,Zone 3,Very High,0.18733435671755677,38,,0.0041828889972380075,High
32297,Zone 3,Medium,0.16557762854307387,38,,0.0036970946107115032,Medium
32317,Zone 2,High,0.1852760465550355,2,,0.007530200981028432,High
32337,Zone 2,High,0.18845369967194697,2,,0.007659350793231637,High
32397,Zone 4,Very Low,0.020590248725004485,30,,0.0003127198661772472,Medium
32417,Zone 2,Very High,0.21165321992384023,2,,0.008602252228190216,High
32437,Zone 3,Very High,0.6377296796357191,38,,0.014239526090679815,High
32457,Zone 1,Low,0.10668415030311014,24,,0.004795726556482826,Medium
32497,Zone 4,Very Low,0.1275086565473699,30,,0.0019365715560060773,Medium
32518,Zone 2,High,0.17143699068082607,2,,0.00696773824470529,High
32537,Zone 5,Very Low,0.08146206802307371,40,,0.0007633081884899533,Medium
32577,Zone 2,High,0.22322040145885574,2,,0.009072378849317327,High
32597,Zone 3,Very High,0.19751708099615392,38,,0.004410253620007496,High
32598,Zone 5,Very Low,0.06579374453654294,40,,0.0006164943411691261,Medium
32617,Zone 5,Very Low,0.05295559180737456,40,,0.0004961994930137464,Medium
32637,Zone 5,Very Low,0.009199224506794636,40,,8.619770605142135e-05,Medium
32657,Zone 4,Medium,0.02517793039309059,30,,0.00038239649886238154,Medium
32677,Zone 3,Very High,0.25254486853765423,38,,0.005638939756831435,High
32697,Zone 4,Very Low,0.04500279820081105,30,,0.0006834919392629252,Medium
32717,Zone 3,Very High,0.2542907952563079,38,,0.005677923623909543,High
32737,Zone 4,Very High,0.2510043676263741,30,,0.0038121954378677447,High
32757,Zone 2,Very High,0.3299707480711717,2,,0.013411048524819096,High
32777,Zone 5,Very Low,0.10534383859136146,40,,0.0009870829031859893,Medium
32797,Zone 5,Very Low,0.011905684908246774,40,,0.00011155752610493483,Medium
32857,Zone 1,Very High,0.1706093344806516,24,,0.007669327766383959,High
32877,Zone 2,Very High,0.19654505782633833,2,,0.007988209025285674,High
32897,Zone 4,Very Low,0.0791759721478334,30,,0.001202506086507632,Medium
32917,Zone 4,Very Low,0.11437476560529626,30,,0.0017370971022174705,Medium
32977,Zone 2,Medium,0.1804609059449902,2,,0.007334498529363789,Medium
32997,Zone 4,Medium,0.1085522478356647,30,,0.0016486660685737316,Medium
33017,Zone 2,Very High,0.21721492266242284,2,,0.008828297311712781,High
33077,Zone 2,Very High,0.2602670328208319,2,,0.010578070410708048,High
33097,Zone 5,Very Low,0.15617351676183774,40,,0.0014633623606979697,Medium
33117,Zone 4,High,0.18912493986005116,30,,0.0028723852088291,High
33157,Zone 3,Low,0.0951166668286907,38,,0.002123809354049984,Medium
33177,Zone 3,Very High,0.19762966317557265,38,,0.004412767407482613,High
33197,Zone 5,Very Low,0.04597944840267284,40,,0.00043083229188424954,Medium
33218,Zone 3,Very High,0.1786959091715819,38,,0.003990005706493029,High
33297,Zone 4,Very High,0.19302589792569216,30,,0.0029316320445785323,High
33337,Zone 2,Medium,0.12670372419917939,2,,0.005149637667712236,Medium
33357,Zone 3,Very Low,0.023567708013441945,38,,0.0005262307900529673,Medium
33417,Zone 3,Very High,0.16336651849482742,38,,0.003647723913021292,High
33457,Zone 4,Very Low,0.12714212547057072,30,,0.0019310047680173895,Medium
33477,Zone 4,Very Low,0.10519362667818762,30,,0.0015976561185272885,Medium
33517,Zone 5,Very Low,0.03709970610531964,40,,0.0003476281679068118,Medium
33537,Zone 3,Medium,0.17915489718121141,38,,0.004000254205107931,Medium
33557,Zone 3,Low,0.12888411350230372,38,,0.0028777846719295137,Medium
33577,Zone 1,Low,0.02168382069243667,24,,0.0009747434313839099,Medium
33597,Zone 2,High,0.14893376357157057,2,,0.006053136351987952,High
33617,Zone 3,Medium,0.08600696771433618,38,,0.0019204037382235567,Medium
33657,Zone 4,Very High,0.20467221447922745,30,,0.003108513567610189,High
33677,Zone 2,High,0.19529289327873023,2,,0.00793731712166333,High
33697,Zone 3,Very High,0.26049802596274446,38,,0.005816521569743991,High
33737,Zone 3,Low,0.23120670956941303,38,,0.005162491379003222,Medium
33757,Zone 3,Low,0.08072932694493083,38,,0.001802562110598337,Medium
33777,Zone 5,Very Low,0.012025078304095662,40,,0.00011267625484476087,Medium
33797,Zone 1,High,0.16130301556594315,24,,0.0072509848294475725,High
33837,Zone 3,Very Low,0.0420644741833427,38,,0.0009392352226206268,Medium
33937,Zone 3,Very High,0.1910643335799091,38,,0.0042661736624262986,High
33957,Zone 3,Low,0.10919180530083152,38,,0.002438085618592769,Medium
33997,Zone 5,Very Low,0.06745547833607479,40,,0.000632064962527694,Medium
33998,Zone 5,Very Low,0.07781854688022959,40,,0.0007291680102356836,Medium
34017,Zone 3,Very High,0.2632240677715356,38,,0.005877389904243869,High
34018,Zone 3,Very High,0.19851846881332572,38,,0.004432613074812315,High
34037,Zone 4,Very High,0.668680026981212,30,,0.010155755345442873,High
34057,Zone 5,Very Low,0.10500337823669957,40,,0.0009838927536737528,Medium
34117,Zone 2,Medium,0.14696137708711166,2,,0.005972972364703023,Medium
34137,Zone 5,Very Low,0.0757821094253977,40,,0.0007100863760181416,Medium
34197,Zone 3,Very High,0.3029452547260648,38,,0.006764303115363153,High
34257,Zone 3,Low,0.10451640182206029,38,,0.0023336910264225453,Medium
34277,Zone 4,Low,0.11192855836568491,30,,0.0016999446806595852,Medium
34297,Zone 4,Very Low,0.15071714694655355,30,,0.0022890566623659106,Medium
34337,Zone 4,Very Low,0.033619217341291266,30,,0.0005106007843016041,Medium
34357,Zone 4,Very Low,0.14897745544877436,30,,0.002262634636112555,Medium
34397,Zone 2,Very High,0.221503544249116,2,,0.009002600375059847,High
34457,Zone 5,Very Low,0.05892642296537033,40,,0.0005521468121230305,Medium
34477,Zone 3,Low,0.17576882721277579,38,,0.003924648453642909,Medium
34537,Zone 2,Medium,0.03197222066305696,2,,0.00129945155825145,Medium
34577,Zone 5,Very Low,0.08523729544104425,40,,0.0007986824684644377,Medium
34597,Zone 3,Very High,0.6095571658902128,38,,0.013610477047912468,High
34617,Zone 3,Very Low,0.14295044743180732,38,,0.0031918643445327933,Medium
34637,Zone 4,Very Low,0.14404750346238873,30,,0.00218775968214609,Medium
34657,Zone 2,Very High,0.24256230855120078,2,,0.009858494758361579,High
34677,Zone 3,Medium,0.1355770591633634,38,,0.0030272278880874967,Medium
34697,Zone 5,Very Low,0.012142131093731464,40,,0.0001137730518569518,Medium
34717,Zone 4,Very Low,0.06573198901151985,30,,0.0009983220252353844,Medium
34737,Zone 1,High,0.25133914085262493,24,,0.011298339903780173,High
34797,Zone 3,Medium,0.05088169159293743,38,,0.0011361101703615541,Medium
34857,Zone 3,Very High,0.3300619682278518,38,,0.007369777757256486,High
34897,Zone 3,Very High,0.2335161736840657,38,,0.005214058172217031,High
34917,Zone 3,Medium,0.0372239139658548,38,,0.0008311529336642811,Medium
34997,Zone 4,Low,0.1345039950359926,30,,0.0020428151155299635,Medium
35197,Zone 3,Very High,0.19500097066077665,38,,0.004354072733478742,High
35237,Zone 5,Very Low,0.05434681870379858,40,,0.0005092354360957109,Medium
35297,Zone 1,Low,0.10725632782644196,24,,0.004821447405698653,Medium
35317,Zone 5,Very Low,0.1244013944397216,40,,0.001165654216002865,Medium
35318,Zone 5,Very Low,0.17012772827121914,40,,0.001594114797599211,Medium
35337,Zone 5,Very Low,0.09895540258639808,40,,0.0009272225825168483,Medium
35377,Zone 3,Low,0.1391337772471684,38,,0.0031066439503608786,Medium
35417,Zone 4,Very High,0.3752541399488193,30,,0.005699271824955927,High
35477,Zone 3,Low,0.17522407107546223,38,,0.003912484884221511,Medium
35497,Zone 2,High,0.14510781602019834,2,,0.005897637815936511,High
35517,Zone 2,Very High,0.28348496113883126,2,,0.01152172000734229,High
35597,Zone 5,Very Low,0.08637488617378034,40,,0.0008093418138815194,Medium
35617,Zone 4,Very Low,0.02829165239307941,30,,0.00042968697796995944,Medium
35657,Zone 3,Very Low,0.1418903831115165,38,,0.0031681947333658768,Medium
35677,Zone 4,Very High,0.19108393448451977,30,,0.0029021379595116016,High
35697,Zone 3,Medium,0.048806544344117526,38,,0.0010897753135481589,Medium
35737,Zone 3,Very Low,0.02039878484245484,38,,0.00045547359368348656,Medium
35777,Zone 4,Very High,0.23884192122360248,30,,0.0036274750557946612,High
35797,Zone 3,Low,0.0768303281778122,38,,0.0017155034453914303,Medium
35817,Zone 4,Low,0.13432590779500664,30,,0.0020401103683016617,Medium
35838,Zone 5,Very Low,0.06545856625273208,40,,0.0006133536852191154,Medium
35877,Zone 3,Low,0.06001511892789667,38,,0.0013400456009781284,Medium
35897,Zone 2,Very High,0.15334689573515717,2,,0.006232499916601667,High
35957,Zone 5,Very Low,0.06269116712380367,40,,0.000587422862847497,Medium
35977,Zone 4,Very Low,0.06165983434992995,30,,0.0009364750957575974,Medium
35997,Zone 5,Very Low,0.05879449967495192,40,,0.0005509106769465899,Medium
36017,Zone 3,Low,0.10728540006985114,38,,0.002395518512351987,Medium
36037,Zone 4,Low,0.1567627344927286,30,,0.002380875627432944,Medium
36077,Zone 4,Very Low,0.11340220636666065,30,,0.0017223261007100318,Medium
36099,Zone 5,Very Low,0.13368961724798323,40,,0.0012526858455467788,Medium
36100,Zone 3,Very High,0.2131067284463536,38,,0.004758346548250105,High
36117,Zone 4,Very Low,0.07122230667101984,30,,0.001081707681556495,Medium
36118,Zone 4,Very Low,0.09018086279631124,30,,0.001369645783402502,Medium
36137,Zone 4,Very Low,0.15869461795901926,30,,0.0024102166202066145,Medium
36138,Zone 3,Very High,0.2102724770776919,38,,0.0046950620601662885,High
36177,Zone 4,Very Low,0.12702169309005149,30,,0.001929175669281266,Medium
36178,Zone 5,Very Low,0.07818957343472471,40,,0.0007326445682714203,Medium
36217,Zone 3,Very Low,0.04747586811352052,38,,0.0010600633532789473,Medium
36237,Zone 5,Very Low,0.022499146303640315,40,,0.00021081937918317683,Medium
36257,Zone 5,Very Low,0.11627536240778914,40,,0.001089512436884898,Medium
36297,Zone 2,Very High,0.2672507289804299,2,,0.010861909777156252,High
36317,Zone 3,Medium,0.06023849765011649,38,,0.0013450333054001158,Medium
36337,Zone 4,Very Low,0.14122746058851854,30,,0.002144929532694819,Medium
36417,Zone 5,Very Low,0.015076901482991387,40,,0.00014127216063019628,Medium
36457,Zone 3,Medium,0.16388002748366814,38,,0.003659189781519954,Medium
36497,Zone 4,Very Low,0.042200527960477026,30,,0.0006409317163994909,Medium
36517,Zone 4,Very High,0.23912266000064417,30,,0.0036317388504656122,High
36617,Zone 3,High,0.14661520761542648,38,,0.0032736928212637787,High
36717,Zone 5,Very Low,0.19097749372457076,40,,0.0017894793038640217,Medium
36737,Zone 4,Low,0.15072140099914352,30,,0.002289121271918443,Medium
36757,Zone 5,Very Low,0.043136616757253415,40,,0.00040419465885936266,Medium
36778,Zone 4,Very High,0.21157669150450836,30,,0.00321337714454929,High
36797,Zone 5,Very Low,0.060640387472551814,40,,0.0005682068407334288,Medium
36817,Zone 4,Low,0.20180182106006314,30,,0.0030649187058916392,Medium
36877,Zone 3,Very High,0.35770400066519786,38,,0.007986981965653752,High
36917,Zone 3,Very High,0.19655582064135596,38,,0.004388790149921079,High
36937,Zone 5,Very Low,0.10500181868250556,40,,0.000983878140486099,Medium
37057,Zone 4,Very Low,0.07445893058875308,30,,0.001130864766152101,Medium
37077,Zone 3,Medium,0.057900962626869806,38,,0.0012928397318308067,Medium
37177,Zone 3,Very High,0.23890664691985236,38,,0.005334419175841547,High
37197,Zone 3,Low,0.17778838825274249,38,,0.003969742155627663,Medium
37217,Zone 4,Very Low,0.17721991068725979,30,,0.0026915744192425486,Medium
37237,Zone 5,Very Low,0.17390724785455874,40,,0.001629529295616916,Medium
37297,Zone 5,Very Low,0.1287156779259634,40,,0.00120607950831907,Medium
37357,Zone 5,Very Low,0.086305157194096,40,,0.0008086884459710332,Medium
37557,Zone 5,Very Low,0.062062127512636504,40,,0.000581528695196948,Medium
37717,Zone 3,Very Low,0.13604359183368397,38,,0.0030376448474094754,Medium
37797,Zone 2,High,0.16045665443700657,2,,0.0065214628610675545,High
37857,Zone 3,Low,0.12114239511937347,38,,0.0027049239686870357,Medium
38037,Zone 3,Very Low,0.020523627686216715,38,,0.00045826114299748,Medium
38057,Zone 3,Medium,0.021203061599104123,38,,0.0004734318606830351,Medium
38217,Zone 2,Very High,0.2101726670674637,2,,0.008542077905719238,High
38277,Zone 3,Very High,0.320479195187069,38,,0.007155809125887104,High
38297,Zone 4,Very Low,0.1675217882170436,30,,0.00254428161080874,Medium
38517,Zone 4,Very High,0.2201382925298965,30,,0.0033434087319613925,High
38577,Zone 2,Very High,0.23842485675143685,2,,0.009690335710385103,High
38697,Zone 3,Very High,0.18136269019251233,38,,0.004049550838448247,High
38757,Zone 4,High,0.09465901763559663,30,,0.0014376589483120488,High
38777,Zone 3,Very High,0.2472109503510488,38,,0.005519841540754828,High
38797,Zone 3,Very High,0.23239577493522112,38,,0.005189041385754703,High
38817,Zone 3,Very High,0.38014756993066473,38,,0.008488112460797316,High
38857,Zone 5,Very Low,0.07887451592495472,40,,0.0007390625518081157,Medium
38877,Zone 5,Very Low,0.19056129583524273,40,,0.001785579485645973,Medium
38957,Zone 1,High,0.1459507149501976,24,,0.006560859486958979,High
38997,Zone 3,Very High,0.2704715357019261,38,,0.006039214752579469,High
39197,Zone 2,Very High,0.16825647919136763,2,,0.006838472259255963,High
39217,Zone 3,Very High,0.19425597415195497,38,,0.004337438103535077,High
39237,Zone 2,High,0.0991166052897546,2,,0.00402841043009525,High
39377,Zone 2,High,0.2233106145449168,2,,0.009076045392736128,High
39437,Zone 2,High,0.1780251319507284,2,,0.00723550101693735,High
39477,Zone 2,Medium,0.14016751778902187,2,,0.005696848565093296,Medium
39537,Zone 3,Very High,0.3494530933498401,38,,0.0078027518541495654,High
39577,Zone 2,High,0.1381495712955129,2,,0.005614832875814378,High
39597,Zone 3,Very Low,0.1255119217909426,38,,0.002802488800669249,Medium
39617,Zone 3,Very High,0.23592560651310893,38,,0.005267857113568641,High
39657,Zone 2,Very High,0.3076981341593999,2,,0.012505819477422127,High
39777,Zone 4,Very High,0.2705857151559873,30,,0.004109592349425911,High
39917,Zone 2,Very High,0.1865685407288764,2,,0.00758273200744441,High
39937,Zone 2,Very High,0.19080047443126052,2,,0.007754731096964457,High
39957,Zone 3,Very High,0.2482272307806067,38,,0.005542533524763481,High
39997,Zone 4,Very Low,0.07061894672978372,30,,0.0010725439923461296,Medium
40017,Zone 5,Very Low,0.17333101800179185,40,,0.0016241299609849398,Medium
40037,Zone 1,Very High,0.25482018184772254,24,,0.011454821636980127,High
40117,Zone 3,Very High,0.3120521049663975,38,,0.006967645120200071,High
40118,Zone 4,Very High,0.19473410106126382,30,,0.0029575758329753584,High
40137,Zone 3,Low,0.1725608889025785,38,,0.003853020109026051,Medium
40217,Zone 5,Very High,0.5021051488437953,40,,0.00470477832071338,High
40297,Zone 2,High,0.09278493323094673,2,,0.0037710713728597942,High
40357,Zone 5,Very Low,0.015755570343733732,40,,0.00014763135959542574,Medium
40377,Zone 3,High,0.08346892917347992,38,,0.0018637332284829442,High
45000,Zone 5,Very Low,0.02473373734492778,40,,0.0002317577334520359,Medium
45002,Zone 4,Very High,0.2356458972172186,30,,0.003578934593125945,High
45003,Zone 3,Low,0.10692165369670145,38,,0.002387396613471863,Medium
45004,Zone 4,Low,0.13376402238898574,30,,0.0020315765846002335,Medium
45005,Zone 5,High,0.1983852929585444,40,,0.0018588911657428549,High
45010,Zone 4,Very Low,0.07408304705741187,30,,0.0011251559352783629,Medium
45013,Zone 3,Medium,0.06489984608593864,38,,0.0014491140700080196,Medium
45014,Zone 4,High,0.07627601853946993,30,,0.0011584622715717615,High
45017,Zone 5,Very Low,0.04527977384298266,40,,0.0004242762672994288,Medium
45018,Zone 2,Medium,0.22141971499495589,2,,0.008999193290638237,Medium
45023,Zone 4,Very Low,0.1218870246821867,30,,0.0018511915303416498,Medium
45025,Zone 5,Very Low,0.2401517743377432,40,,0.002250247511276896,Medium
45028,Zone 4,High,0.04202077746057822,30,,0.0006382017079851006,High
45029,Zone 4,High,0.16998174843016742,30,,0.0025816429093012266,High
45032,Zone 3,High,0.12479409821953477,38,,0.0027864609007612427,High
45037,Zone 4,High,0.14107498681594421,30,,0.002142613796814607,High
45038,Zone 1,Very High,0.22245114476495417,24,,0.00999975028566353,High
45044,Zone 4,Very High,0.27133182937996403,30,,0.0041209241571855525,High
45046,Zone 3,Medium,0.18553768139110283,38,,0.004142771991546606,Medium
45049,Zone 4,Very Low,0.1814989587682199,30,,0.0027565635974266286,Medium
45050,Zone 3,High,0.07001185895295195,38,,0.0015632574804845512,High
45058,Zone 2,Very High,0.22439984997205553,2,,0.009120315344705202,High
45060,Zone 4,Very Low,0.10137493446122377,30,,0.0015396587171840582,Medium
45066,Zone 2,Low,0.029529861309007397,2,,0.0012001863961009563,Medium
45068,Zone 4,High,0.08132249775654471,30,,0.0012351070137750658,High
45070,Zone 5,Very Low,0.03080052096204552,40,,0.000288604137246143,Medium
45072,Zone 2,High,0.15554465560747863,2,,0.006321823786871663,High
45077,Zone 4,Very Low,0.1824044143714108,30,,0.0027703154446646595,Medium
45078,Zone 2,Very High,0.41890168061027155,2,,0.017025481193808395,High
45080,Zone 4,High,0.12943298267557501,30,,0.0019657977697022187,High
45081,Zone 4,Very High,0.32373117688068137,30,,0.004916753151630875,High
45083,Zone 5,Very Low,0.07855672446462662,40,,0.0007360848122320481,Medium
45087,Zone 3,Medium,0.2294804571175768,38,,0.005123946808142002,Medium
45092,Zone 3,Medium,0.15044936929809669,38,,0.0033593037737718275,Medium
45099,Zone 4,Very High,0.2509029708920796,30,,0.0038106554480598085,High
45117,Zone 3,Very High,0.23616995422398762,38,,0.005273313023361397,High
45122,Zone 2,Very High,0.2658593683173046,2,,0.010805360505810924,High
45124,Zone 2,High,0.11309564067476365,2,,0.0045965623737884015,High
45127,Zone 3,Very High,0.14081884578142614,38,,0.003144268947478548,High
45129,Zone 3,Very High,0.20198680991372842,38,,0.004510055814530456,High
45130,Zone 3,Medium,0.062321922896111125,38,,0.0013915529972000457,Medium
45134,Zone 2,Medium,0.17845166512484478,2,,0.007252836666018238,Medium
45135,Zone 2,High,0.10302654547169306,2,,0.004187322690699049,High
45140,Zone 4,High,0.04959959790063205,30,,0.0007533070544745226,High
45142,Zone 5,Very Low,0.09372703838015038,40,,0.0008782322572294241,Medium
45154,Zone 5,Very High,0.2764303178050327,40,,0.002590181298462697,High
45155,Zone 2,Very High,0.33037456411047805,2,,0.01342746087812585,High
45166,Zone 4,Very High,0.17909250614672442,30,,0.0027200149596803497,High
45167,Zone 2,Medium,0.1625898558063234,2,,0.0066081628708240196,Medium
45198,Zone 3,Very High,0.25846356343239657,38,,0.005771095140323385,High
45206,Zone 2,High,0.133803274284911,2,,0.00543818570192645,High
45208,Zone 5,Very Low,0.027671739979647243,40,,0.0002592871287069074,Medium
45211,Zone 2,High,0.16103201515550233,2,,0.0065448473294185405,High
45215,Zone 5,Low,0.025114215807224564,40,,0.00023532285686300725,Medium
45231,Zone 4,Very High,0.22497616766691836,30,,0.003416885244345357,High
45233,Zone 5,High,0.03848602243639254,40,,0.0003606180984723552,High
45241,Zone 4,Low,0.06391741829873972,30,,0.0009707627510348425,Medium
45260,Zone 3,Low,0.028519716956721248,38,,0.0006368015582025448,Medium
