Zone,Year,Week,Predicted_Risk,Confidence,Is_High_Risk,Season_Start,Season_End,Overall_Risk_Percent
Zone 1,2026,1,0.013270154605479548,0.79,False,21,33,2.996837888825564
Zone 1,2026,2,0.011495620287708985,0.78,False,21,33,2.996837888825564
Zone 1,2026,3,0.01113189096385484,0.77,False,21,33,2.996837888825564
Zone 1,2026,4,0.014889624831826787,0.76,False,21,33,2.996837888825564
Zone 1,2026,5,0.02136241152573488,0.75,False,21,33,2.996837888825564
Zone 1,2026,6,0.02143562272006253,0.74,False,21,33,2.996837888825564
Zone 1,2026,7,0.02517878879375777,0.73,False,21,33,2.996837888825564
Zone 1,2026,8,0.02512730142652391,0.7200000000000001,False,21,33,2.996837888825564
Zone 1,2026,9,0.02524506699092257,0.7100000000000001,False,21,33,2.996837888825564
Zone 1,2026,10,0.025260811606300605,0.7000000000000001,False,21,33,2.996837888825564
Zone 1,2026,11,0.026024442971011738,0.6900000000000001,False,21,33,2.996837888825564
Zone 1,2026,12,0.028256222447114756,0.68,False,21,33,2.996837888825564
Zone 1,2026,13,0.025563897100600922,0.67,False,21,33,2.996837888825564
Zone 1,2026,14,0.02562350448606594,0.66,False,21,33,2.996837888825564
Zone 1,2026,15,0.025337571932319475,0.65,False,21,33,2.996837888825564
Zone 1,2026,16,0.027016094441465893,0.64,False,21,33,2.996837888825564
Zone 1,2026,17,0.02849047383357305,0.63,False,21,33,2.996837888825564
Zone 1,2026,18,0.027855199346815872,0.6200000000000001,False,21,33,2.996837888825564
Zone 1,2026,19,0.030518614394804335,0.6100000000000001,False,21,33,2.996837888825564
Zone 1,2026,20,0.03010917211058639,0.6000000000000001,False,21,33,2.996837888825564
Zone 1,2026,21,0.03660205308511914,0.5900000000000001,True,21,33,2.996837888825564
Zone 1,2026,22,0.03756031854769984,0.5800000000000001,True,21,33,2.996837888825564
Zone 1,2026,23,0.042648084505255604,0.5700000000000001,True,21,33,2.996837888825564
Zone 1,2026,24,0.045128505047519925,0.56,True,21,33,2.996837888825564
Zone 1,2026,25,0.03916908284487227,0.55,True,21,33,2.996837888825564
Zone 1,2026,26,0.045117165684410335,0.54,True,21,33,2.996837888825564
Zone 1,2026,27,0.03970486843526724,0.53,True,21,33,2.996837888825564
Zone 1,2026,28,0.042183590806888834,0.52,True,21,33,2.996837888825564
Zone 1,2026,29,0.04378853382160633,0.51,True,21,33,2.996837888825564
Zone 1,2026,30,0.03838177362925819,0.5,True,21,33,2.996837888825564
Zone 1,2026,31,0.036144203786298394,0.5,True,21,33,2.996837888825564
Zone 1,2026,32,0.035165238636834434,0.5,True,21,33,2.996837888825564
Zone 1,2026,33,0.03460961703243552,0.5,True,21,33,2.996837888825564
Zone 1,2026,34,0.03433198971641967,0.5,False,21,33,2.996837888825564
Zone 1,2026,35,0.03459160867407949,0.5,False,21,33,2.996837888825564
Zone 1,2026,36,0.03391459825945625,0.5,False,21,33,2.996837888825564
Zone 1,2026,37,0.03312079188761714,0.5,False,21,33,2.996837888825564
Zone 1,2026,38,0.03249835118043068,0.5,False,21,33,2.996837888825564
Zone 1,2026,39,0.032161702395589166,0.5,False,21,33,2.996837888825564
Zone 1,2026,40,0.032230948413964414,0.5,False,21,33,2.996837888825564
Zone 1,2026,41,0.032564841481774784,0.5,False,21,33,2.996837888825564
Zone 1,2026,42,0.029830986691202526,0.5,False,21,33,2.996837888825564
Zone 1,2026,43,0.027265258455931213,0.5,False,21,33,2.996837888825564
Zone 1,2026,44,0.026676170283773507,0.5,False,21,33,2.996837888825564
Zone 1,2026,45,0.02776896392343374,0.5,False,21,33,2.996837888825564
Zone 1,2026,46,0.027295464742471024,0.5,False,21,33,2.996837888825564
Zone 1,2026,47,0.02370474418093014,0.5,False,21,33,2.996837888825564
Zone 1,2026,48,0.03256130377657363,0.5,False,21,33,2.996837888825564
Zone 1,2026,49,0.02763853086063907,0.5,False,21,33,2.996837888825564
Zone 1,2026,50,0.02452516937406965,0.5,False,21,33,2.996837888825564
Zone 1,2026,51,0.03006827075494581,0.5,False,21,33,2.996837888825564
Zone 1,2026,52,0.03021048445599468,0.5,False,21,33,2.996837888825564
Zone 1,2027,1,0.03018573815519782,0.5,False,22,34,3.0648497888621233
Zone 1,2027,2,0.029156753962529543,0.5,False,22,34,3.0648497888621233
Zone 1,2027,3,0.02919964590402129,0.5,False,22,34,3.0648497888621233
Zone 1,2027,4,0.02771482664043969,0.5,False,22,34,3.0648497888621233
Zone 1,2027,5,0.029223955712110054,0.5,False,22,34,3.0648497888621233
Zone 1,2027,6,0.02934019925566397,0.5,False,22,34,3.0648497888621233
Zone 1,2027,7,0.028860369784738202,0.5,False,22,34,3.0648497888621233
Zone 1,2027,8,0.028050822075985426,0.5,False,22,34,3.0648497888621233
Zone 1,2027,9,0.02960732781146729,0.5,False,22,34,3.0648497888621233
Zone 1,2027,10,0.028773729445775487,0.5,False,22,34,3.0648497888621233
Zone 1,2027,11,0.026608654143175738,0.5,False,22,34,3.0648497888621233
Zone 1,2027,12,0.027341070519152407,0.5,False,22,34,3.0648497888621233
Zone 1,2027,13,0.02803942646651432,0.5,False,22,34,3.0648497888621233
Zone 1,2027,14,0.027232493618386897,0.5,False,22,34,3.0648497888621233
Zone 1,2027,15,0.02775573371414385,0.5,False,22,34,3.0648497888621233
Zone 1,2027,16,0.030261780521683605,0.5,False,22,34,3.0648497888621233
Zone 1,2027,17,0.02893183938387607,0.5,False,22,34,3.0648497888621233
Zone 1,2027,18,0.02815957619927114,0.5,False,22,34,3.0648497888621233
Zone 1,2027,19,0.02992960056547582,0.5,False,22,34,3.0648497888621233
Zone 1,2027,20,0.028900360482154497,0.5,False,22,34,3.0648497888621233
Zone 1,2027,21,0.03193538313979653,0.5,False,22,34,3.0648497888621233
Zone 1,2027,22,0.03645694887948667,0.5,True,22,34,3.0648497888621233
Zone 1,2027,23,0.03927318986693875,0.5,True,22,34,3.0648497888621233
Zone 1,2027,24,0.03959142250537064,0.5,True,22,34,3.0648497888621233
Zone 1,2027,25,0.041258350089173286,0.5,True,22,34,3.0648497888621233
Zone 1,2027,26,0.03995504494693722,0.5,True,22,34,3.0648497888621233
Zone 1,2027,27,0.038937366987205166,0.5,True,22,34,3.0648497888621233
Zone 1,2027,28,0.03700502191736252,0.5,True,22,34,3.0648497888621233
Zone 1,2027,29,0.03910148855052703,0.5,True,22,34,3.0648497888621233
Zone 1,2027,30,0.03515855169589105,0.5,True,22,34,3.0648497888621233
Zone 1,2027,31,0.03515194090967664,0.5,True,22,34,3.0648497888621233
Zone 1,2027,32,0.032650855922471814,0.5,True,22,34,3.0648497888621233
Zone 1,2027,33,0.03253519828432769,0.5,True,22,34,3.0648497888621233
Zone 1,2027,34,0.03318601844815683,0.5,True,22,34,3.0648497888621233
Zone 1,2027,35,0.03218979314477916,0.5,False,22,34,3.0648497888621233
Zone 1,2027,36,0.031237218727969203,0.5,False,22,34,3.0648497888621233
Zone 1,2027,37,0.03102047487416847,0.5,False,22,34,3.0648497888621233
Zone 1,2027,38,0.030346801471064607,0.5,False,22,34,3.0648497888621233
Zone 1,2027,39,0.029797056097334056,0.5,False,22,34,3.0648497888621233
Zone 1,2027,40,0.026534289370766476,0.5,False,22,34,3.0648497888621233
Zone 1,2027,41,0.027525241071715688,0.5,False,22,34,3.0648497888621233
Zone 1,2027,42,0.026121986412860045,0.5,False,22,34,3.0648497888621233
Zone 1,2027,43,0.02966943138634908,0.5,False,22,34,3.0648497888621233
Zone 1,2027,44,0.025752571938784538,0.5,False,22,34,3.0648497888621233
Zone 1,2027,45,0.026339236966225824,0.5,False,22,34,3.0648497888621233
Zone 1,2027,46,0.027913542721864856,0.5,False,22,34,3.0648497888621233
Zone 1,2027,47,0.027556668569581114,0.5,False,22,34,3.0648497888621233
Zone 1,2027,48,0.024259495898077903,0.5,False,22,34,3.0648497888621233
Zone 1,2027,49,0.029705235829628716,0.5,False,22,34,3.0648497888621233
Zone 1,2027,50,0.026124522398327174,0.5,False,22,34,3.0648497888621233
Zone 1,2027,51,0.02809304433561041,0.5,False,22,34,3.0648497888621233
Zone 1,2027,52,0.028064592488111995,0.5,False,22,34,3.0648497888621233
Zone 1,2028,1,0.032912658222367774,0.5,True,1,33,3.1200957400781104
Zone 1,2028,2,0.031391907790728396,0.5,False,1,33,3.1200957400781104
Zone 1,2028,3,0.030514891795044692,0.5,False,1,33,3.1200957400781104
Zone 1,2028,4,0.03028666544785097,0.5,False,1,33,3.1200957400781104
Zone 1,2028,5,0.030989607596838158,0.5,False,1,33,3.1200957400781104
Zone 1,2028,6,0.0307351780086068,0.5,False,1,33,3.1200957400781104
Zone 1,2028,7,0.030636267266281957,0.5,False,1,33,3.1200957400781104
Zone 1,2028,8,0.029506948225900772,0.5,False,1,33,3.1200957400781104
Zone 1,2028,9,0.027837403218005638,0.5,False,1,33,3.1200957400781104
Zone 1,2028,10,0.026897799241061802,0.5,False,1,33,3.1200957400781104
Zone 1,2028,11,0.029982010265018778,0.5,False,1,33,3.1200957400781104
Zone 1,2028,12,0.02760974004270383,0.5,False,1,33,3.1200957400781104
Zone 1,2028,13,0.02679666720507484,0.5,False,1,33,3.1200957400781104
Zone 1,2028,14,0.028466873802771506,0.5,False,1,33,3.1200957400781104
Zone 1,2028,15,0.027757518905266575,0.5,False,1,33,3.1200957400781104
Zone 1,2028,16,0.029166468628610866,0.5,False,1,33,3.1200957400781104
Zone 1,2028,17,0.02717568695290229,0.5,False,1,33,3.1200957400781104
Zone 1,2028,18,0.027879128793080105,0.5,False,1,33,3.1200957400781104
Zone 1,2028,19,0.030083133033615025,0.5,False,1,33,3.1200957400781104
Zone 1,2028,20,0.030040734908807824,0.5,False,1,33,3.1200957400781104
Zone 1,2028,21,0.032466712128787864,0.5,False,1,33,3.1200957400781104
Zone 1,2028,22,0.03712138822189379,0.5,True,1,33,3.1200957400781104
Zone 1,2028,23,0.03955515828498548,0.5,True,1,33,3.1200957400781104
Zone 1,2028,24,0.03928277176512965,0.5,True,1,33,3.1200957400781104
Zone 1,2028,25,0.04120803886449324,0.5,True,1,33,3.1200957400781104
Zone 1,2028,26,0.039761304460712195,0.5,True,1,33,3.1200957400781104
Zone 1,2028,27,0.040071498918432175,0.5,True,1,33,3.1200957400781104
Zone 1,2028,28,0.035896755204866064,0.5,True,1,33,3.1200957400781104
Zone 1,2028,29,0.039510189296215546,0.5,True,1,33,3.1200957400781104
Zone 1,2028,30,0.03509753751102661,0.5,True,1,33,3.1200957400781104
Zone 1,2028,31,0.03425802220953411,0.5,True,1,33,3.1200957400781104
Zone 1,2028,32,0.033862637589058095,0.5,True,1,33,3.1200957400781104
Zone 1,2028,33,0.03303420555899532,0.5,True,1,33,3.1200957400781104
Zone 1,2028,34,0.03220082349200987,0.5,False,1,33,3.1200957400781104
Zone 1,2028,35,0.03121251162548007,0.5,False,1,33,3.1200957400781104
Zone 1,2028,36,0.03262910087368997,0.5,False,1,33,3.1200957400781104
Zone 1,2028,37,0.03214055997603475,0.5,False,1,33,3.1200957400781104
Zone 1,2028,38,0.0313386412331764,0.5,False,1,33,3.1200957400781104
Zone 1,2028,39,0.030823188706192793,0.5,False,1,33,3.1200957400781104
Zone 1,2028,40,0.0316185240224896,0.5,False,1,33,3.1200957400781104
Zone 1,2028,41,0.03212405760542772,0.5,False,1,33,3.1200957400781104
Zone 1,2028,42,0.028775242861024605,0.5,False,1,33,3.1200957400781104
Zone 1,2028,43,0.025561352382699267,0.5,False,1,33,3.1200957400781104
Zone 1,2028,44,0.028206542581442808,0.5,False,1,33,3.1200957400781104
Zone 1,2028,45,0.029360697168006367,0.5,False,1,33,3.1200957400781104
Zone 1,2028,46,0.025425314628492825,0.5,False,1,33,3.1200957400781104
Zone 1,2028,47,0.02847764120082148,0.5,False,1,33,3.1200957400781104
Zone 1,2028,48,0.026785720823216962,0.5,False,1,33,3.1200957400781104
Zone 1,2028,49,0.025059022772085333,0.5,False,1,33,3.1200957400781104
Zone 1,2028,50,0.02879746741654394,0.5,False,1,33,3.1200957400781104
Zone 1,2028,51,0.025275724855194904,0.5,False,1,33,3.1200957400781104
Zone 1,2028,52,0.028844141251919045,0.5,False,1,33,3.1200957400781104
Zone 1,2029,1,0.030193594455817305,0.5,False,22,34,3.05209998786868
Zone 1,2029,2,0.030147829309085942,0.5,False,22,34,3.05209998786868
Zone 1,2029,3,0.02995940937135208,0.5,False,22,34,3.05209998786868
Zone 1,2029,4,0.02751032587516397,0.5,False,22,34,3.05209998786868
Zone 1,2029,5,0.02912564992485638,0.5,False,22,34,3.05209998786868
Zone 1,2029,6,0.028228732983410776,0.5,False,22,34,3.05209998786868
Zone 1,2029,7,0.02773433652700301,0.5,False,22,34,3.05209998786868
Zone 1,2029,8,0.027561178999390937,0.5,False,22,34,3.05209998786868
Zone 1,2029,9,0.02815757299032577,0.5,False,22,34,3.05209998786868
Zone 1,2029,10,0.027836701548659342,0.5,False,22,34,3.05209998786868
Zone 1,2029,11,0.02691850913788361,0.5,False,22,34,3.05209998786868
Zone 1,2029,12,0.027603622684760448,0.5,False,22,34,3.05209998786868
Zone 1,2029,13,0.02754150549514497,0.5,False,22,34,3.05209998786868
Zone 1,2029,14,0.026522184240473826,0.5,False,22,34,3.05209998786868
Zone 1,2029,15,0.027783600702831743,0.5,False,22,34,3.05209998786868
Zone 1,2029,16,0.0290753594198546,0.5,False,22,34,3.05209998786868
Zone 1,2029,17,0.028172191802199625,0.5,False,22,34,3.05209998786868
Zone 1,2029,18,0.02891438382974205,0.5,False,22,34,3.05209998786868
Zone 1,2029,19,0.028890658350856257,0.5,False,22,34,3.05209998786868
Zone 1,2029,20,0.028021178266971168,0.5,False,22,34,3.05209998786868
Zone 1,2029,21,0.03278565580700885,0.5,False,22,34,3.05209998786868
Zone 1,2029,22,0.036855892976347795,0.5,True,22,34,3.05209998786868
Zone 1,2029,23,0.039224824657497846,0.5,True,22,34,3.05209998786868
Zone 1,2029,24,0.039235408682812556,0.5,True,22,34,3.05209998786868
Zone 1,2029,25,0.04120803886449324,0.5,True,22,34,3.05209998786868
Zone 1,2029,26,0.039761304460712195,0.5,True,22,34,3.05209998786868
Zone 1,2029,27,0.03994778365387184,0.5,True,22,34,3.05209998786868
Zone 1,2029,28,0.03643485560212139,0.5,True,22,34,3.05209998786868
Zone 1,2029,29,0.03884249712571439,0.5,True,22,34,3.05209998786868
Zone 1,2029,30,0.034393903667015384,0.5,True,22,34,3.05209998786868
Zone 1,2029,31,0.035521661363586275,0.5,True,22,34,3.05209998786868
Zone 1,2029,32,0.0333332644154634,0.5,True,22,34,3.05209998786868
Zone 1,2029,33,0.032899017090560534,0.5,True,22,34,3.05209998786868
Zone 1,2029,34,0.03291049131482264,0.5,True,22,34,3.05209998786868
Zone 1,2029,35,0.032786267713002804,0.5,False,22,34,3.05209998786868
Zone 1,2029,36,0.03154880855212776,0.5,False,22,34,3.05209998786868
Zone 1,2029,37,0.030887141540835134,0.5,False,22,34,3.05209998786868
Zone 1,2029,38,0.03053097311555564,0.5,False,22,34,3.05209998786868
Zone 1,2029,39,0.030828435267128963,0.5,False,22,34,3.05209998786868
Zone 1,2029,40,0.029700115155587598,0.5,False,22,34,3.05209998786868
Zone 1,2029,41,0.027404461244339408,0.5,False,22,34,3.05209998786868
Zone 1,2029,42,0.025465244605591873,0.5,False,22,34,3.05209998786868
Zone 1,2029,43,0.029181065424329872,0.5,False,22,34,3.05209998786868
Zone 1,2029,44,0.026582734299709265,0.5,False,22,34,3.05209998786868
Zone 1,2029,45,0.02455340562982454,0.5,False,22,34,3.05209998786868
Zone 1,2029,46,0.02922939234059617,0.5,False,22,34,3.05209998786868
Zone 1,2029,47,0.025700323834472866,0.5,False,22,34,3.05209998786868
Zone 1,2029,48,0.027334233889336958,0.5,False,22,34,3.05209998786868
Zone 1,2029,49,0.026480184004113463,0.5,False,22,34,3.05209998786868
Zone 1,2029,50,0.026225801608879412,0.5,False,22,34,3.05209998786868
Zone 1,2029,51,0.02653756863082647,0.5,False,22,34,3.05209998786868
Zone 1,2029,52,0.026862711237642837,0.5,False,22,34,3.05209998786868
Zone 1,2030,1,0.03217293049794862,0.5,False,21,34,3.0961894420516445
Zone 1,2030,2,0.03096864567563671,0.5,False,21,34,3.0961894420516445
Zone 1,2030,3,0.03001400609276004,0.5,False,21,34,3.0961894420516445
Zone 1,2030,4,0.02901048110198387,0.5,False,21,34,3.0961894420516445
Zone 1,2030,5,0.029712301454980942,0.5,False,21,34,3.0961894420516445
Zone 1,2030,6,0.028629647035171388,0.5,False,21,34,3.0961894420516445
Zone 1,2030,7,0.02856563866377074,0.5,False,21,34,3.0961894420516445
Zone 1,2030,8,0.02851433344420233,0.5,False,21,34,3.0961894420516445
Zone 1,2030,9,0.027935516700035315,0.5,False,21,34,3.0961894420516445
Zone 1,2030,10,0.027534687310853886,0.5,False,21,34,3.0961894420516445
Zone 1,2030,11,0.028360468495046424,0.5,False,21,34,3.0961894420516445
Zone 1,2030,12,0.026645576239040486,0.5,False,21,34,3.0961894420516445
Zone 1,2030,13,0.027665279415356226,0.5,False,21,34,3.0961894420516445
Zone 1,2030,14,0.02754383649747598,0.5,False,21,34,3.0961894420516445
Zone 1,2030,15,0.027461082701319004,0.5,False,21,34,3.0961894420516445
Zone 1,2030,16,0.028120187464887095,0.5,False,21,34,3.0961894420516445
Zone 1,2030,17,0.02852862942157556,0.5,False,21,34,3.0961894420516445
Zone 1,2030,18,0.02787492125776679,0.5,False,21,34,3.0961894420516445
Zone 1,2030,19,0.030068813605116495,0.5,False,21,34,3.0961894420516445
Zone 1,2030,20,0.027890135693830195,0.5,False,21,34,3.0961894420516445
Zone 1,2030,21,0.0333607461464036,0.5,True,21,34,3.0961894420516445
Zone 1,2030,22,0.03716025193428824,0.5,True,21,34,3.0961894420516445
Zone 1,2030,23,0.03914377962733817,0.5,True,21,34,3.0961894420516445
Zone 1,2030,24,0.03921221067121354,0.5,True,21,34,3.0961894420516445
Zone 1,2030,25,0.04120803886449324,0.5,True,21,34,3.0961894420516445
Zone 1,2030,26,0.039761304460712195,0.5,True,21,34,3.0961894420516445
Zone 1,2030,27,0.03994778365387184,0.5,True,21,34,3.0961894420516445
Zone 1,2030,28,0.03643485560212139,0.5,True,21,34,3.0961894420516445
Zone 1,2030,29,0.03884249712571439,0.5,True,21,34,3.0961894420516445
Zone 1,2030,30,0.034393903667015384,0.5,True,21,34,3.0961894420516445
Zone 1,2030,31,0.035515784196380865,0.5,True,21,34,3.0961894420516445
Zone 1,2030,32,0.0333332644154634,0.5,True,21,34,3.0961894420516445
Zone 1,2030,33,0.032899017090560534,0.5,False,21,34,3.0961894420516445
Zone 1,2030,34,0.03291049131482264,0.5,True,21,34,3.0961894420516445
Zone 1,2030,35,0.03218979314477916,0.5,False,21,34,3.0961894420516445
Zone 1,2030,36,0.031855201895673646,0.5,False,21,34,3.0961894420516445
Zone 1,2030,37,0.03191852071063003,0.5,False,21,34,3.0961894420516445
Zone 1,2030,38,0.03120051487211542,0.5,False,21,34,3.0961894420516445
Zone 1,2030,39,0.031441999367061574,0.5,False,21,34,3.0961894420516445
Zone 1,2030,40,0.03105977333066363,0.5,False,21,34,3.0961894420516445
Zone 1,2030,41,0.03222256506811429,0.5,False,21,34,3.0961894420516445
Zone 1,2030,42,0.028810068731671374,0.5,False,21,34,3.0961894420516445
Zone 1,2030,43,0.02658479639316494,0.5,False,21,34,3.0961894420516445
Zone 1,2030,44,0.028481071207678055,0.5,False,21,34,3.0961894420516445
Zone 1,2030,45,0.028493781600209548,0.5,False,21,34,3.0961894420516445
Zone 1,2030,46,0.025217003578144444,0.5,False,21,34,3.0961894420516445
Zone 1,2030,47,0.028541379903435173,0.5,False,21,34,3.0961894420516445
Zone 1,2030,48,0.0268013254078355,0.5,False,21,34,3.0961894420516445
Zone 1,2030,49,0.025096953912635122,0.5,False,21,34,3.0961894420516445
Zone 1,2030,50,0.02889229500275084,0.5,False,21,34,3.0961894420516445
Zone 1,2030,51,0.026476895861896138,0.5,False,21,34,3.0961894420516445
Zone 1,2030,52,0.027393522339238717,0.5,False,21,34,3.0961894420516445
Zone 2,2026,1,0.03406899297818161,0.79,True,1,43,2.7095429121546366
Zone 2,2026,2,0.034242014074430116,0.78,True,1,43,2.7095429121546366
Zone 2,2026,3,0.032227902623584284,0.77,True,1,43,2.7095429121546366
Zone 2,2026,4,0.03274351619667497,0.76,True,1,43,2.7095429121546366
Zone 2,2026,5,0.032339155198276404,0.75,True,1,43,2.7095429121546366
Zone 2,2026,6,0.03139839446025919,0.74,True,1,43,2.7095429121546366
Zone 2,2026,7,0.029024389437140738,0.73,False,1,43,2.7095429121546366
Zone 2,2026,8,0.027503392150721555,0.7200000000000001,False,1,43,2.7095429121546366
Zone 2,2026,9,0.02702731265581093,0.7100000000000001,False,1,43,2.7095429121546366
Zone 2,2026,10,0.025529273433558364,0.7000000000000001,False,1,43,2.7095429121546366
Zone 2,2026,11,0.02506313137916238,0.6900000000000001,False,1,43,2.7095429121546366
Zone 2,2026,12,0.025570618765445405,0.68,False,1,43,2.7095429121546366
Zone 2,2026,13,0.02582174542652668,0.67,False,1,43,2.7095429121546366
Zone 2,2026,14,0.025599368964921525,0.66,False,1,43,2.7095429121546366
Zone 2,2026,15,0.02543688932166583,0.65,False,1,43,2.7095429121546366
Zone 2,2026,16,0.025442921950370453,0.64,False,1,43,2.7095429121546366
Zone 2,2026,17,0.025248507616141565,0.63,False,1,43,2.7095429121546366
Zone 2,2026,18,0.025656673787994622,0.6200000000000001,False,1,43,2.7095429121546366
Zone 2,2026,19,0.025424425612628854,0.6100000000000001,False,1,43,2.7095429121546366
Zone 2,2026,20,0.025819398547522056,0.6000000000000001,False,1,43,2.7095429121546366
Zone 2,2026,21,0.025769243857720323,0.5900000000000001,False,1,43,2.7095429121546366
Zone 2,2026,22,0.025818679090413642,0.5800000000000001,False,1,43,2.7095429121546366
Zone 2,2026,23,0.025921935413023598,0.5700000000000001,False,1,43,2.7095429121546366
Zone 2,2026,24,0.026924460274779415,0.56,False,1,43,2.7095429121546366
Zone 2,2026,25,0.028082071683119644,0.55,False,1,43,2.7095429121546366
Zone 2,2026,26,0.028663821533588988,0.54,False,1,43,2.7095429121546366
Zone 2,2026,27,0.027604754201141155,0.53,False,1,43,2.7095429121546366
Zone 2,2026,28,0.0262650307144325,0.52,False,1,43,2.7095429121546366
Zone 2,2026,29,0.025094520113100552,0.51,False,1,43,2.7095429121546366
Zone 2,2026,30,0.025506724097232026,0.5,False,1,43,2.7095429121546366
Zone 2,2026,31,0.025436550770989462,0.5,False,1,43,2.7095429121546366
Zone 2,2026,32,0.02521560382877415,0.5,False,1,43,2.7095429121546366
Zone 2,2026,33,0.025003482128968788,0.5,False,1,43,2.7095429121546366
Zone 2,2026,34,0.028468938016944757,0.5,False,1,43,2.7095429121546366
Zone 2,2026,35,0.02991623570481762,0.5,True,1,43,2.7095429121546366
Zone 2,2026,36,0.028419298283285235,0.5,False,1,43,2.7095429121546366
Zone 2,2026,37,0.030138896990122063,0.5,True,1,43,2.7095429121546366
Zone 2,2026,38,0.02984518559750466,0.5,True,1,43,2.7095429121546366
Zone 2,2026,39,0.029806976263097057,0.5,True,1,43,2.7095429121546366
Zone 2,2026,40,0.02921681542409652,0.5,False,1,43,2.7095429121546366
Zone 2,2026,41,0.030107711169463983,0.5,True,1,43,2.7095429121546366
Zone 2,2026,42,0.029476874307746037,0.5,True,1,43,2.7095429121546366
Zone 2,2026,43,0.029721331747149308,0.5,True,1,43,2.7095429121546366
Zone 2,2026,44,0.027664988920245524,0.5,False,1,43,2.7095429121546366
Zone 2,2026,45,0.024533293795401048,0.5,False,1,43,2.7095429121546366
Zone 2,2026,46,0.022976274768969514,0.5,False,1,43,2.7095429121546366
Zone 2,2026,47,0.02115128488579798,0.5,False,1,43,2.7095429121546366
Zone 2,2026,48,0.023552058836028452,0.5,False,1,43,2.7095429121546366
Zone 2,2026,49,0.022572510062549445,0.5,False,1,43,2.7095429121546366
Zone 2,2026,50,0.02262937304207862,0.5,False,1,43,2.7095429121546366
Zone 2,2026,51,0.022785328994057122,0.5,False,1,43,2.7095429121546366
Zone 2,2026,52,0.02348403522275419,0.5,False,1,43,2.7095429121546366
Zone 2,2027,1,0.029831123930795456,0.5,False,39,51,3.1956507499768882
Zone 2,2027,2,0.030681146691114203,0.5,False,39,51,3.1956507499768882
Zone 2,2027,3,0.0290388377702173,0.5,False,39,51,3.1956507499768882
Zone 2,2027,4,0.030622026044576204,0.5,False,39,51,3.1956507499768882
Zone 2,2027,5,0.029587314368794106,0.5,False,39,51,3.1956507499768882
Zone 2,2027,6,0.03035972534653364,0.5,False,39,51,3.1956507499768882
Zone 2,2027,7,0.02839324278442652,0.5,False,39,51,3.1956507499768882
Zone 2,2027,8,0.030300047124805052,0.5,False,39,51,3.1956507499768882
Zone 2,2027,9,0.028093932146893628,0.5,False,39,51,3.1956507499768882
Zone 2,2027,10,0.028408638096100742,0.5,False,39,51,3.1956507499768882
Zone 2,2027,11,0.028676014515529133,0.5,False,39,51,3.1956507499768882
Zone 2,2027,12,0.029080595816409812,0.5,False,39,51,3.1956507499768882
Zone 2,2027,13,0.028510327593718725,0.5,False,39,51,3.1956507499768882
Zone 2,2027,14,0.02801263452975283,0.5,False,39,51,3.1956507499768882
Zone 2,2027,15,0.02819273929483145,0.5,False,39,51,3.1956507499768882
Zone 2,2027,16,0.027602767741290734,0.5,False,39,51,3.1956507499768882
Zone 2,2027,17,0.0278160572979029,0.5,False,39,51,3.1956507499768882
Zone 2,2027,18,0.02773924237733516,0.5,False,39,51,3.1956507499768882
Zone 2,2027,19,0.027695071845588396,0.5,False,39,51,3.1956507499768882
Zone 2,2027,20,0.028486521189421358,0.5,False,39,51,3.1956507499768882
Zone 2,2027,21,0.02902398687733025,0.5,False,39,51,3.1956507499768882
Zone 2,2027,22,0.027754949528095717,0.5,False,39,51,3.1956507499768882
Zone 2,2027,23,0.028202554755088913,0.5,False,39,51,3.1956507499768882
Zone 2,2027,24,0.029061820703865208,0.5,False,39,51,3.1956507499768882
Zone 2,2027,25,0.03092185591607307,0.5,False,39,51,3.1956507499768882
Zone 2,2027,26,0.031694018721422655,0.5,False,39,51,3.1956507499768882
Zone 2,2027,27,0.03155210514000044,0.5,False,39,51,3.1956507499768882
Zone 2,2027,28,0.02991581199247514,0.5,False,39,51,3.1956507499768882
Zone 2,2027,29,0.02740032525044183,0.5,False,39,51,3.1956507499768882
Zone 2,2027,30,0.02871694364888297,0.5,False,39,51,3.1956507499768882
Zone 2,2027,31,0.027921155921610135,0.5,False,39,51,3.1956507499768882
Zone 2,2027,32,0.027107872715890012,0.5,False,39,51,3.1956507499768882
Zone 2,2027,33,0.026009481359528838,0.5,False,39,51,3.1956507499768882
Zone 2,2027,34,0.031027513455635532,0.5,False,39,51,3.1956507499768882
Zone 2,2027,35,0.0333415716028811,0.5,False,39,51,3.1956507499768882
Zone 2,2027,36,0.03204907132571061,0.5,False,39,51,3.1956507499768882
Zone 2,2027,37,0.03447677185988176,0.5,False,39,51,3.1956507499768882
Zone 2,2027,38,0.03430450469358113,0.5,False,39,51,3.1956507499768882
Zone 2,2027,39,0.03502777242345169,0.5,True,39,51,3.1956507499768882
Zone 2,2027,40,0.042673860966997525,0.5,True,39,51,3.1956507499768882
Zone 2,2027,41,0.04100967456226158,0.5,True,39,51,3.1956507499768882
Zone 2,2027,42,0.04447472815354642,0.5,True,39,51,3.1956507499768882
Zone 2,2027,43,0.042448289206959956,0.5,True,39,51,3.1956507499768882
Zone 2,2027,44,0.04080028841709555,0.5,True,39,51,3.1956507499768882
Zone 2,2027,45,0.03831668002146873,0.5,True,39,51,3.1956507499768882
Zone 2,2027,46,0.04039156185570114,0.5,True,39,51,3.1956507499768882
Zone 2,2027,47,0.03747567463647672,0.5,True,39,51,3.1956507499768882
Zone 2,2027,48,0.0397430066013472,0.5,True,39,51,3.1956507499768882
Zone 2,2027,49,0.03810281498836415,0.5,True,39,51,3.1956507499768882
Zone 2,2027,50,0.03618950754096939,0.5,True,39,51,3.1956507499768882
Zone 2,2027,51,0.034872669254485913,0.5,True,39,51,3.1956507499768882
Zone 2,2027,52,0.032601539384422985,0.5,False,39,51,3.1956507499768882
Zone 2,2028,1,0.041314714503925314,0.5,False,2,40,4.08217866373343
Zone 2,2028,2,0.045192911478938225,0.5,True,2,40,4.08217866373343
Zone 2,2028,3,0.05039701048914186,0.5,True,2,40,4.08217866373343
Zone 2,2028,4,0.05104663403467755,0.5,True,2,40,4.08217866373343
Zone 2,2028,5,0.048120353230701705,0.5,True,2,40,4.08217866373343
Zone 2,2028,6,0.04515412567006407,0.5,True,2,40,4.08217866373343
Zone 2,2028,7,0.04384881773437725,0.5,True,2,40,4.08217866373343
Zone 2,2028,8,0.044904488002803646,0.5,True,2,40,4.08217866373343
Zone 2,2028,9,0.041393674506380894,0.5,False,2,40,4.08217866373343
Zone 2,2028,10,0.04098953161824726,0.5,False,2,40,4.08217866373343
Zone 2,2028,11,0.04216039443949218,0.5,False,2,40,4.08217866373343
Zone 2,2028,12,0.041050103289055714,0.5,False,2,40,4.08217866373343
Zone 2,2028,13,0.04056964137647007,0.5,False,2,40,4.08217866373343
Zone 2,2028,14,0.04096415196600255,0.5,False,2,40,4.08217866373343
Zone 2,2028,15,0.04279937249949762,0.5,True,2,40,4.08217866373343
Zone 2,2028,16,0.04006446873066622,0.5,False,2,40,4.08217866373343
Zone 2,2028,17,0.039195694627083,0.5,False,2,40,4.08217866373343
Zone 2,2028,18,0.03781339457325271,0.5,False,2,40,4.08217866373343
Zone 2,2028,19,0.03844241619403079,0.5,False,2,40,4.08217866373343
Zone 2,2028,20,0.0362991838845571,0.5,False,2,40,4.08217866373343
Zone 2,2028,21,0.03456349306509542,0.5,False,2,40,4.08217866373343
Zone 2,2028,22,0.03335621025836973,0.5,False,2,40,4.08217866373343
Zone 2,2028,23,0.03248663109944126,0.5,False,2,40,4.08217866373343
Zone 2,2028,24,0.037278005467921434,0.5,False,2,40,4.08217866373343
Zone 2,2028,25,0.03838514880472962,0.5,False,2,40,4.08217866373343
Zone 2,2028,26,0.042380666808460206,0.5,False,2,40,4.08217866373343
Zone 2,2028,27,0.04322963019921061,0.5,True,2,40,4.08217866373343
Zone 2,2028,28,0.046750855431889615,0.5,True,2,40,4.08217866373343
Zone 2,2028,29,0.04439859857392843,0.5,True,2,40,4.08217866373343
Zone 2,2028,30,0.041248932352885334,0.5,False,2,40,4.08217866373343
Zone 2,2028,31,0.040579669699427515,0.5,False,2,40,4.08217866373343
Zone 2,2028,32,0.0430082686339441,0.5,True,2,40,4.08217866373343
Zone 2,2028,33,0.042672503116170525,0.5,False,2,40,4.08217866373343
Zone 2,2028,34,0.04113041128189092,0.5,False,2,40,4.08217866373343
Zone 2,2028,35,0.04048446117525345,0.5,False,2,40,4.08217866373343
Zone 2,2028,36,0.0424959873881369,0.5,False,2,40,4.08217866373343
Zone 2,2028,37,0.04226214037856069,0.5,False,2,40,4.08217866373343
Zone 2,2028,38,0.04046774335808008,0.5,False,2,40,4.08217866373343
Zone 2,2028,39,0.04126861791423634,0.5,False,2,40,4.08217866373343
Zone 2,2028,40,0.04351487447057736,0.5,True,2,40,4.08217866373343
Zone 2,2028,41,0.04162711380373702,0.5,False,2,40,4.08217866373343
Zone 2,2028,42,0.039133713375095816,0.5,False,2,40,4.08217866373343
Zone 2,2028,43,0.04215030076575327,0.5,False,2,40,4.08217866373343
Zone 2,2028,44,0.0402064508972674,0.5,False,2,40,4.08217866373343
Zone 2,2028,45,0.03956376681531,0.5,False,2,40,4.08217866373343
Zone 2,2028,46,0.04046328873645502,0.5,False,2,40,4.08217866373343
Zone 2,2028,47,0.03785620706155293,0.5,False,2,40,4.08217866373343
Zone 2,2028,48,0.03904983236798672,0.5,False,2,40,4.08217866373343
Zone 2,2028,49,0.036824312335006534,0.5,False,2,40,4.08217866373343
Zone 2,2028,50,0.03480886461696368,0.5,False,2,40,4.08217866373343
Zone 2,2028,51,0.03599388681099968,0.5,False,2,40,4.08217866373343
Zone 2,2028,52,0.03137123522767982,0.5,False,2,40,4.08217866373343
Zone 2,2029,1,0.04286449810923261,0.5,False,2,29,4.15829721769452
Zone 2,2029,2,0.04697237993044516,0.5,True,2,29,4.15829721769452
Zone 2,2029,3,0.05239293961339677,0.5,True,2,29,4.15829721769452
Zone 2,2029,4,0.051661253135890164,0.5,True,2,29,4.15829721769452
Zone 2,2029,5,0.050852305254641975,0.5,True,2,29,4.15829721769452
Zone 2,2029,6,0.04771711485043473,0.5,True,2,29,4.15829721769452
Zone 2,2029,7,0.04295962849409863,0.5,False,2,29,4.15829721769452
Zone 2,2029,8,0.04329755763287442,0.5,True,2,29,4.15829721769452
Zone 2,2029,9,0.04103267371513395,0.5,False,2,29,4.15829721769452
Zone 2,2029,10,0.04220599421977908,0.5,False,2,29,4.15829721769452
Zone 2,2029,11,0.04041811030980295,0.5,False,2,29,4.15829721769452
Zone 2,2029,12,0.03934618053599426,0.5,False,2,29,4.15829721769452
Zone 2,2029,13,0.04030330888604104,0.5,False,2,29,4.15829721769452
Zone 2,2029,14,0.03816496863922899,0.5,False,2,29,4.15829721769452
Zone 2,2029,15,0.03993178337338026,0.5,False,2,29,4.15829721769452
Zone 2,2029,16,0.03805187354667532,0.5,False,2,29,4.15829721769452
Zone 2,2029,17,0.036754080840552546,0.5,False,2,29,4.15829721769452
Zone 2,2029,18,0.03653688920536601,0.5,False,2,29,4.15829721769452
Zone 2,2029,19,0.03588718811468779,0.5,False,2,29,4.15829721769452
Zone 2,2029,20,0.03515935353384959,0.5,False,2,29,4.15829721769452
Zone 2,2029,21,0.04106435090409183,0.5,False,2,29,4.15829721769452
Zone 2,2029,22,0.039903718923883245,0.5,False,2,29,4.15829721769452
Zone 2,2029,23,0.04493891635476583,0.5,True,2,29,4.15829721769452
Zone 2,2029,24,0.04507777428680083,0.5,True,2,29,4.15829721769452
Zone 2,2029,25,0.04616657930889314,0.5,True,2,29,4.15829721769452
Zone 2,2029,26,0.04390136027734257,0.5,True,2,29,4.15829721769452
Zone 2,2029,27,0.04557475562383737,0.5,True,2,29,4.15829721769452
Zone 2,2029,28,0.044647080163686056,0.5,True,2,29,4.15829721769452
Zone 2,2029,29,0.04577467475164092,0.5,True,2,29,4.15829721769452
Zone 2,2029,30,0.04114385097451665,0.5,False,2,29,4.15829721769452
Zone 2,2029,31,0.04172325029715333,0.5,False,2,29,4.15829721769452
Zone 2,2029,32,0.041747498089306126,0.5,False,2,29,4.15829721769452
Zone 2,2029,33,0.0417405755441939,0.5,False,2,29,4.15829721769452
Zone 2,2029,34,0.041010353079369864,0.5,False,2,29,4.15829721769452
Zone 2,2029,35,0.04291477044320044,0.5,False,2,29,4.15829721769452
Zone 2,2029,36,0.04150478958470988,0.5,False,2,29,4.15829721769452
Zone 2,2029,37,0.04107256889054576,0.5,False,2,29,4.15829721769452
Zone 2,2029,38,0.04203930765128574,0.5,False,2,29,4.15829721769452
Zone 2,2029,39,0.0416817664231798,0.5,False,2,29,4.15829721769452
Zone 2,2029,40,0.040762222991467666,0.5,False,2,29,4.15829721769452
Zone 2,2029,41,0.043253511937904464,0.5,False,2,29,4.15829721769452
Zone 2,2029,42,0.04205202910224779,0.5,False,2,29,4.15829721769452
Zone 2,2029,43,0.04029308614530899,0.5,False,2,29,4.15829721769452
Zone 2,2029,44,0.04055242182420145,0.5,False,2,29,4.15829721769452
Zone 2,2029,45,0.04151909629310668,0.5,False,2,29,4.15829721769452
Zone 2,2029,46,0.03939989297918028,0.5,False,2,29,4.15829721769452
Zone 2,2029,47,0.03984382509960937,0.5,False,2,29,4.15829721769452
Zone 2,2029,48,0.03804506597037258,0.5,False,2,29,4.15829721769452
Zone 2,2029,49,0.03646625609368498,0.5,False,2,29,4.15829721769452
Zone 2,2029,50,0.03487039307518265,0.5,False,2,29,4.15829721769452
Zone 2,2029,51,0.03418114878518159,0.5,False,2,29,4.15829721769452
Zone 2,2029,52,0.0349375793897928,0.5,False,2,29,4.15829721769452
Zone 2,2030,1,0.04179118680971878,0.5,False,2,44,4.050392340531135
Zone 2,2030,2,0.04700995594455739,0.5,True,2,44,4.050392340531135
Zone 2,2030,3,0.05258777727237059,0.5,True,2,44,4.050392340531135
Zone 2,2030,4,0.053421536069869234,0.5,True,2,44,4.050392340531135
Zone 2,2030,5,0.05153845093595586,0.5,True,2,44,4.050392340531135
Zone 2,2030,6,0.04812441048607064,0.5,True,2,44,4.050392340531135
Zone 2,2030,7,0.04390919860505286,0.5,True,2,44,4.050392340531135
Zone 2,2030,8,0.04334831266951292,0.5,True,2,44,4.050392340531135
Zone 2,2030,9,0.041528676679313474,0.5,False,2,44,4.050392340531135
Zone 2,2030,10,0.040378552411300644,0.5,False,2,44,4.050392340531135
Zone 2,2030,11,0.03970802039769068,0.5,False,2,44,4.050392340531135
Zone 2,2030,12,0.04131496209775437,0.5,False,2,44,4.050392340531135
Zone 2,2030,13,0.03739137223684859,0.5,False,2,44,4.050392340531135
Zone 2,2030,14,0.03834201757647459,0.5,False,2,44,4.050392340531135
Zone 2,2030,15,0.03637260420175317,0.5,False,2,44,4.050392340531135
Zone 2,2030,16,0.0358668650014257,0.5,False,2,44,4.050392340531135
Zone 2,2030,17,0.03488294521728934,0.5,False,2,44,4.050392340531135
Zone 2,2030,18,0.03322204387117826,0.5,False,2,44,4.050392340531135
Zone 2,2030,19,0.03355627671291877,0.5,False,2,44,4.050392340531135
Zone 2,2030,20,0.03355120540204101,0.5,False,2,44,4.050392340531135
Zone 2,2030,21,0.03405673983320631,0.5,False,2,44,4.050392340531135
Zone 2,2030,22,0.033086506442698276,0.5,False,2,44,4.050392340531135
Zone 2,2030,23,0.0338543048317654,0.5,False,2,44,4.050392340531135
Zone 2,2030,24,0.03804639701842575,0.5,False,2,44,4.050392340531135
Zone 2,2030,25,0.04046318501649559,0.5,False,2,44,4.050392340531135
Zone 2,2030,26,0.04176202706613876,0.5,False,2,44,4.050392340531135
Zone 2,2030,27,0.04651639935847901,0.5,True,2,44,4.050392340531135
Zone 2,2030,28,0.04641308145247894,0.5,True,2,44,4.050392340531135
Zone 2,2030,29,0.04275732942825885,0.5,True,2,44,4.050392340531135
Zone 2,2030,30,0.039985818244874995,0.5,False,2,44,4.050392340531135
Zone 2,2030,31,0.041603366714073255,0.5,False,2,44,4.050392340531135
Zone 2,2030,32,0.041678618728116464,0.5,False,2,44,4.050392340531135
Zone 2,2030,33,0.040651807668908274,0.5,False,2,44,4.050392340531135
Zone 2,2030,34,0.04178684507591699,0.5,False,2,44,4.050392340531135
Zone 2,2030,35,0.041689865265082025,0.5,False,2,44,4.050392340531135
Zone 2,2030,36,0.04095861950429223,0.5,False,2,44,4.050392340531135
Zone 2,2030,37,0.042738428162951696,0.5,True,2,44,4.050392340531135
Zone 2,2030,38,0.04131711307014856,0.5,False,2,44,4.050392340531135
Zone 2,2030,39,0.0415272358499981,0.5,False,2,44,4.050392340531135
Zone 2,2030,40,0.04087218116364223,0.5,False,2,44,4.050392340531135
Zone 2,2030,41,0.04357393149175742,0.5,True,2,44,4.050392340531135
Zone 2,2030,42,0.04148755295615702,0.5,False,2,44,4.050392340531135
Zone 2,2030,43,0.04052242359763939,0.5,False,2,44,4.050392340531135
Zone 2,2030,44,0.04182152086261641,0.5,True,2,44,4.050392340531135
Zone 2,2030,45,0.039359372534373833,0.5,False,2,44,4.050392340531135
Zone 2,2030,46,0.04043477292692202,0.5,False,2,44,4.050392340531135
Zone 2,2030,47,0.03745258681262961,0.5,False,2,44,4.050392340531135
Zone 2,2030,48,0.03982632496334223,0.5,False,2,44,4.050392340531135
Zone 2,2030,49,0.03703181467526237,0.5,False,2,44,4.050392340531135
Zone 2,2030,50,0.034264650915298504,0.5,False,2,44,4.050392340531135
Zone 2,2030,51,0.035187785794149565,0.5,False,2,44,4.050392340531135
Zone 2,2030,52,0.035629039050993766,0.5,False,2,44,4.050392340531135
Zone 3,2026,1,0.017158733130580073,0.79,True,1,48,1.4885644649954346
Zone 3,2026,2,0.017476244747923357,0.78,True,1,48,1.4885644649954346
Zone 3,2026,3,0.01729491168406612,0.77,True,1,48,1.4885644649954346
Zone 3,2026,4,0.016669445553828013,0.76,False,1,48,1.4885644649954346
Zone 3,2026,5,0.014388049330805428,0.75,False,1,48,1.4885644649954346
Zone 3,2026,6,0.014206184363862276,0.74,False,1,48,1.4885644649954346
Zone 3,2026,7,0.013617586318774277,0.73,False,1,48,1.4885644649954346
Zone 3,2026,8,0.014081196614084104,0.7200000000000001,False,1,48,1.4885644649954346
Zone 3,2026,9,0.012894298632697887,0.7100000000000001,False,1,48,1.4885644649954346
Zone 3,2026,10,0.012878849278103652,0.7000000000000001,False,1,48,1.4885644649954346
Zone 3,2026,11,0.013035196956578142,0.6900000000000001,False,1,48,1.4885644649954346
Zone 3,2026,12,0.012912452838635586,0.68,False,1,48,1.4885644649954346
Zone 3,2026,13,0.012469210998680608,0.67,False,1,48,1.4885644649954346
Zone 3,2026,14,0.01355994658781029,0.66,False,1,48,1.4885644649954346
Zone 3,2026,15,0.013741592067765252,0.65,False,1,48,1.4885644649954346
Zone 3,2026,16,0.01357720773648196,0.64,False,1,48,1.4885644649954346
Zone 3,2026,17,0.013597947978896295,0.63,False,1,48,1.4885644649954346
Zone 3,2026,18,0.013692356501692678,0.6200000000000001,False,1,48,1.4885644649954346
Zone 3,2026,19,0.012331783594071626,0.6100000000000001,False,1,48,1.4885644649954346
Zone 3,2026,20,0.01295409879726577,0.6000000000000001,False,1,48,1.4885644649954346
Zone 3,2026,21,0.012396959378188221,0.5900000000000001,False,1,48,1.4885644649954346
Zone 3,2026,22,0.013164015225721979,0.5800000000000001,False,1,48,1.4885644649954346
Zone 3,2026,23,0.01236941066596226,0.5700000000000001,False,1,48,1.4885644649954346
Zone 3,2026,24,0.013137894614262133,0.56,False,1,48,1.4885644649954346
Zone 3,2026,25,0.012616098738315791,0.55,False,1,48,1.4885644649954346
Zone 3,2026,26,0.017682280155681546,0.54,True,1,48,1.4885644649954346
Zone 3,2026,27,0.013220425121397697,0.53,False,1,48,1.4885644649954346
Zone 3,2026,28,0.01379131587425275,0.52,False,1,48,1.4885644649954346
Zone 3,2026,29,0.013994349033529505,0.51,False,1,48,1.4885644649954346
Zone 3,2026,30,0.016273441962994087,0.5,False,1,48,1.4885644649954346
Zone 3,2026,31,0.013930299276320808,0.5,False,1,48,1.4885644649954346
Zone 3,2026,32,0.013675893493139852,0.5,False,1,48,1.4885644649954346
Zone 3,2026,33,0.01396911832479196,0.5,False,1,48,1.4885644649954346
Zone 3,2026,34,0.016291137042028007,0.5,False,1,48,1.4885644649954346
Zone 3,2026,35,0.014603667207731891,0.5,False,1,48,1.4885644649954346
Zone 3,2026,36,0.014898967519847917,0.5,False,1,48,1.4885644649954346
Zone 3,2026,37,0.014802089341850334,0.5,False,1,48,1.4885644649954346
Zone 3,2026,38,0.018149844718189985,0.5,True,1,48,1.4885644649954346
Zone 3,2026,39,0.01699896063598274,0.5,False,1,48,1.4885644649954346
Zone 3,2026,40,0.01753139175090573,0.5,True,1,48,1.4885644649954346
Zone 3,2026,41,0.016409226989827528,0.5,False,1,48,1.4885644649954346
Zone 3,2026,42,0.01702863518412171,0.5,True,1,48,1.4885644649954346
Zone 3,2026,43,0.017420975179869517,0.5,True,1,48,1.4885644649954346
Zone 3,2026,44,0.017234485045799174,0.5,True,1,48,1.4885644649954346
Zone 3,2026,45,0.0170704209436406,0.5,True,1,48,1.4885644649954346
Zone 3,2026,46,0.017463534051545947,0.5,True,1,48,1.4885644649954346
Zone 3,2026,47,0.01756429807705907,0.5,True,1,48,1.4885644649954346
Zone 3,2026,48,0.01709082211398188,0.5,True,1,48,1.4885644649954346
Zone 3,2026,49,0.01691411289166604,0.5,False,1,48,1.4885644649954346
Zone 3,2026,50,0.016004999886751265,0.5,False,1,48,1.4885644649954346
Zone 3,2026,51,0.014020012522071827,0.5,False,1,48,1.4885644649954346
Zone 3,2026,52,0.013797145117592812,0.5,False,1,48,1.4885644649954346
Zone 3,2027,1,0.015153139877130161,0.5,False,26,48,1.3760579033496352
Zone 3,2027,2,0.014390904415449404,0.5,False,26,48,1.3760579033496352
Zone 3,2027,3,0.01279036046890241,0.5,False,26,48,1.3760579033496352
Zone 3,2027,4,0.01243669173839222,0.5,False,26,48,1.3760579033496352
Zone 3,2027,5,0.012075465648100385,0.5,False,26,48,1.3760579033496352
Zone 3,2027,6,0.011905540167561979,0.5,False,26,48,1.3760579033496352
Zone 3,2027,7,0.0119473495984995,0.5,False,26,48,1.3760579033496352
Zone 3,2027,8,0.012290396756668577,0.5,False,26,48,1.3760579033496352
Zone 3,2027,9,0.0122931000150546,0.5,False,26,48,1.3760579033496352
Zone 3,2027,10,0.011953304728921105,0.5,False,26,48,1.3760579033496352
Zone 3,2027,11,0.011783184445881502,0.5,False,26,48,1.3760579033496352
Zone 3,2027,12,0.012060344168408194,0.5,False,26,48,1.3760579033496352
Zone 3,2027,13,0.011904565863212818,0.5,False,26,48,1.3760579033496352
Zone 3,2027,14,0.012815633620102402,0.5,False,26,48,1.3760579033496352
Zone 3,2027,15,0.012563357604186878,0.5,False,26,48,1.3760579033496352
Zone 3,2027,16,0.012801551714905523,0.5,False,26,48,1.3760579033496352
Zone 3,2027,17,0.012578740782682465,0.5,False,26,48,1.3760579033496352
Zone 3,2027,18,0.012776759143778288,0.5,False,26,48,1.3760579033496352
Zone 3,2027,19,0.011307949608387134,0.5,False,26,48,1.3760579033496352
Zone 3,2027,20,0.011455180238815246,0.5,False,26,48,1.3760579033496352
Zone 3,2027,21,0.011747521934043666,0.5,False,26,48,1.3760579033496352
Zone 3,2027,22,0.011928555498221116,0.5,False,26,48,1.3760579033496352
Zone 3,2027,23,0.012084365112647133,0.5,False,26,48,1.3760579033496352
Zone 3,2027,24,0.01214447934472126,0.5,False,26,48,1.3760579033496352
Zone 3,2027,25,0.01159137306472341,0.5,False,26,48,1.3760579033496352
Zone 3,2027,26,0.017131964429254878,0.5,True,26,48,1.3760579033496352
Zone 3,2027,27,0.011851600622986123,0.5,False,26,48,1.3760579033496352
Zone 3,2027,28,0.013920990865133487,0.5,False,26,48,1.3760579033496352
Zone 3,2027,29,0.014555648680254463,0.5,False,26,48,1.3760579033496352
Zone 3,2027,30,0.016331637336907467,0.5,True,26,48,1.3760579033496352
Zone 3,2027,31,0.014112434143426198,0.5,False,26,48,1.3760579033496352
Zone 3,2027,32,0.013251431793216197,0.5,False,26,48,1.3760579033496352
Zone 3,2027,33,0.014043465046846395,0.5,False,26,48,1.3760579033496352
Zone 3,2027,34,0.01666016728693376,0.5,True,26,48,1.3760579033496352
Zone 3,2027,35,0.014829097220278966,0.5,False,26,48,1.3760579033496352
Zone 3,2027,36,0.014628192539798872,0.5,False,26,48,1.3760579033496352
Zone 3,2027,37,0.014775402759401954,0.5,False,26,48,1.3760579033496352
Zone 3,2027,38,0.018107389191235543,0.5,True,26,48,1.3760579033496352
Zone 3,2027,39,0.017066541685430692,0.5,True,26,48,1.3760579033496352
Zone 3,2027,40,0.017068457198953037,0.5,True,26,48,1.3760579033496352
Zone 3,2027,41,0.015782516895818353,0.5,True,26,48,1.3760579033496352
Zone 3,2027,42,0.01683954854105337,0.5,True,26,48,1.3760579033496352
Zone 3,2027,43,0.01671013946394566,0.5,True,26,48,1.3760579033496352
Zone 3,2027,44,0.016024004512115296,0.5,True,26,48,1.3760579033496352
Zone 3,2027,45,0.015204113684691791,0.5,False,26,48,1.3760579033496352
Zone 3,2027,46,0.016095094064639347,0.5,True,26,48,1.3760579033496352
Zone 3,2027,47,0.01534849995881788,0.5,True,26,48,1.3760579033496352
Zone 3,2027,48,0.01526542732236744,0.5,True,26,48,1.3760579033496352
Zone 3,2027,49,0.014602145320837777,0.5,False,26,48,1.3760579033496352
Zone 3,2027,50,0.014727035924406037,0.5,False,26,48,1.3760579033496352
Zone 3,2027,51,0.01103045578942114,0.5,False,26,48,1.3760579033496352
Zone 3,2027,52,0.010806891904240707,0.5,False,26,48,1.3760579033496352
Zone 3,2028,1,0.015677843028487504,0.5,False,26,48,1.4006653285704866
Zone 3,2028,2,0.014451604647792415,0.5,False,26,48,1.4006653285704866
Zone 3,2028,3,0.012782318613279402,0.5,False,26,48,1.4006653285704866
Zone 3,2028,4,0.012077800362233217,0.5,False,26,48,1.4006653285704866
Zone 3,2028,5,0.012419788341301983,0.5,False,26,48,1.4006653285704866
Zone 3,2028,6,0.011750926741392378,0.5,False,26,48,1.4006653285704866
Zone 3,2028,7,0.011857629167384134,0.5,False,26,48,1.4006653285704866
Zone 3,2028,8,0.012226696568749577,0.5,False,26,48,1.4006653285704866
Zone 3,2028,9,0.012292444363336793,0.5,False,26,48,1.4006653285704866
Zone 3,2028,10,0.012124221777635509,0.5,False,26,48,1.4006653285704866
Zone 3,2028,11,0.011714538532031457,0.5,False,26,48,1.4006653285704866
Zone 3,2028,12,0.011890687792835905,0.5,False,26,48,1.4006653285704866
Zone 3,2028,13,0.011905171483367855,0.5,False,26,48,1.4006653285704866
Zone 3,2028,14,0.012995750551990242,0.5,False,26,48,1.4006653285704866
Zone 3,2028,15,0.012562751984031839,0.5,False,26,48,1.4006653285704866
Zone 3,2028,16,0.012801551714905523,0.5,False,26,48,1.4006653285704866
Zone 3,2028,17,0.012578740782682465,0.5,False,26,48,1.4006653285704866
Zone 3,2028,18,0.012776759143778288,0.5,False,26,48,1.4006653285704866
Zone 3,2028,19,0.011307949608387134,0.5,False,26,48,1.4006653285704866
Zone 3,2028,20,0.011455180238815246,0.5,False,26,48,1.4006653285704866
Zone 3,2028,21,0.011747521934043666,0.5,False,26,48,1.4006653285704866
Zone 3,2028,22,0.011928555498221116,0.5,False,26,48,1.4006653285704866
Zone 3,2028,23,0.012084365112647133,0.5,False,26,48,1.4006653285704866
Zone 3,2028,24,0.01214447934472126,0.5,False,26,48,1.4006653285704866
Zone 3,2028,25,0.01159137306472341,0.5,False,26,48,1.4006653285704866
Zone 3,2028,26,0.0172126095905452,0.5,True,26,48,1.4006653285704866
Zone 3,2028,27,0.011851600622986123,0.5,False,26,48,1.4006653285704866
Zone 3,2028,28,0.013854079576551574,0.5,False,26,48,1.4006653285704866
Zone 3,2028,29,0.014555648680254463,0.5,False,26,48,1.4006653285704866
Zone 3,2028,30,0.016338151570507883,0.5,True,26,48,1.4006653285704866
Zone 3,2028,31,0.014112434143426198,0.5,False,26,48,1.4006653285704866
Zone 3,2028,32,0.013251431793216197,0.5,False,26,48,1.4006653285704866
Zone 3,2028,33,0.014043465046846395,0.5,False,26,48,1.4006653285704866
Zone 3,2028,34,0.016843686799482723,0.5,True,26,48,1.4006653285704866
Zone 3,2028,35,0.014829097220278966,0.5,False,26,48,1.4006653285704866
Zone 3,2028,36,0.014628192539798872,0.5,False,26,48,1.4006653285704866
Zone 3,2028,37,0.014796056040024754,0.5,False,26,48,1.4006653285704866
Zone 3,2028,38,0.018290274290882997,0.5,True,26,48,1.4006653285704866
Zone 3,2028,39,0.017066541685430692,0.5,True,26,48,1.4006653285704866
Zone 3,2028,40,0.017221983090183846,0.5,True,26,48,1.4006653285704866
Zone 3,2028,41,0.0161407840227714,0.5,False,26,48,1.4006653285704866
Zone 3,2028,42,0.017681582298240336,0.5,True,26,48,1.4006653285704866
Zone 3,2028,43,0.01794487845008297,0.5,True,26,48,1.4006653285704866
Zone 3,2028,44,0.016747743671821868,0.5,True,26,48,1.4006653285704866
Zone 3,2028,45,0.01639913505391048,0.5,True,26,48,1.4006653285704866
Zone 3,2028,46,0.01652412397323005,0.5,True,26,48,1.4006653285704866
Zone 3,2028,47,0.017011939117719456,0.5,True,26,48,1.4006653285704866
Zone 3,2028,48,0.016755065218199108,0.5,True,26,48,1.4006653285704866
Zone 3,2028,49,0.015428509757335434,0.5,False,26,48,1.4006653285704866
Zone 3,2028,50,0.014939974924138243,0.5,False,26,48,1.4006653285704866
Zone 3,2028,51,0.012463356648129855,0.5,False,26,48,1.4006653285704866
Zone 3,2028,52,0.012266974631881677,0.5,False,26,48,1.4006653285704866
Zone 3,2029,1,0.0155803130658176,0.5,False,26,49,1.3887497387877417
Zone 3,2029,2,0.013596483037762062,0.5,False,26,49,1.3887497387877417
Zone 3,2029,3,0.01262255187043398,0.5,False,26,49,1.3887497387877417
Zone 3,2029,4,0.012111277167589505,0.5,False,26,49,1.3887497387877417
Zone 3,2029,5,0.012238806085067775,0.5,False,26,49,1.3887497387877417
Zone 3,2029,6,0.011938221132464814,0.5,False,26,49,1.3887497387877417
Zone 3,2029,7,0.012168491880248052,0.5,False,26,49,1.3887497387877417
Zone 3,2029,8,0.012196211632685137,0.5,False,26,49,1.3887497387877417
Zone 3,2029,9,0.01218924357553714,0.5,False,26,49,1.3887497387877417
Zone 3,2029,10,0.012048414170315163,0.5,False,26,49,1.3887497387877417
Zone 3,2029,11,0.011903155948913523,0.5,False,26,49,1.3887497387877417
Zone 3,2029,12,0.011905039266595543,0.5,False,26,49,1.3887497387877417
Zone 3,2029,13,0.012003088520932393,0.5,False,26,49,1.3887497387877417
Zone 3,2029,14,0.012995750551990242,0.5,False,26,49,1.3887497387877417
Zone 3,2029,15,0.012559626202586478,0.5,False,26,49,1.3887497387877417
Zone 3,2029,16,0.012801551714905523,0.5,False,26,49,1.3887497387877417
Zone 3,2029,17,0.012578740782682465,0.5,False,26,49,1.3887497387877417
Zone 3,2029,18,0.012776759143778288,0.5,False,26,49,1.3887497387877417
Zone 3,2029,19,0.011307949608387134,0.5,False,26,49,1.3887497387877417
Zone 3,2029,20,0.011455180238815246,0.5,False,26,49,1.3887497387877417
Zone 3,2029,21,0.011747521934043666,0.5,False,26,49,1.3887497387877417
Zone 3,2029,22,0.011928555498221116,0.5,False,26,49,1.3887497387877417
Zone 3,2029,23,0.012084365112647133,0.5,False,26,49,1.3887497387877417
Zone 3,2029,24,0.01214447934472126,0.5,False,26,49,1.3887497387877417
Zone 3,2029,25,0.01159137306472341,0.5,False,26,49,1.3887497387877417
Zone 3,2029,26,0.0172126095905452,0.5,True,26,49,1.3887497387877417
Zone 3,2029,27,0.011851600622986123,0.5,False,26,49,1.3887497387877417
Zone 3,2029,28,0.013854079576551574,0.5,False,26,49,1.3887497387877417
Zone 3,2029,29,0.014555648680254463,0.5,False,26,49,1.3887497387877417
Zone 3,2029,30,0.016338151570507883,0.5,True,26,49,1.3887497387877417
Zone 3,2029,31,0.014112434143426198,0.5,False,26,49,1.3887497387877417
Zone 3,2029,32,0.013251431793216197,0.5,False,26,49,1.3887497387877417
Zone 3,2029,33,0.014043465046846395,0.5,False,26,49,1.3887497387877417
Zone 3,2029,34,0.016843686799482723,0.5,True,26,49,1.3887497387877417
Zone 3,2029,35,0.014829097220278966,0.5,False,26,49,1.3887497387877417
Zone 3,2029,36,0.014628192539798872,0.5,False,26,49,1.3887497387877417
Zone 3,2029,37,0.014796056040024754,0.5,False,26,49,1.3887497387877417
Zone 3,2029,38,0.01829147621395992,0.5,True,26,49,1.3887497387877417
Zone 3,2029,39,0.017066541685430692,0.5,True,26,49,1.3887497387877417
Zone 3,2029,40,0.017221983090183846,0.5,True,26,49,1.3887497387877417
Zone 3,2029,41,0.016222751235886155,0.5,True,26,49,1.3887497387877417
Zone 3,2029,42,0.017453796898005334,0.5,True,26,49,1.3887497387877417
Zone 3,2029,43,0.017565345074340103,0.5,True,26,49,1.3887497387877417
Zone 3,2029,44,0.01693748181069093,0.5,True,26,49,1.3887497387877417
Zone 3,2029,45,0.016063441791732424,0.5,False,26,49,1.3887497387877417
Zone 3,2029,46,0.01656867209897773,0.5,True,26,49,1.3887497387877417
Zone 3,2029,47,0.016108794449035856,0.5,True,26,49,1.3887497387877417
Zone 3,2029,48,0.015640922268381555,0.5,False,26,49,1.3887497387877417
Zone 3,2029,49,0.016129330978623763,0.5,True,26,49,1.3887497387877417
Zone 3,2029,50,0.01388627945153323,0.5,False,26,49,1.3887497387877417
Zone 3,2029,51,0.011573315365968942,0.5,False,26,49,1.3887497387877417
Zone 3,2029,52,0.010630127581091284,0.5,False,26,49,1.3887497387877417
Zone 3,2030,1,0.01646423299054923,0.5,True,1,47,1.3948192726161621
Zone 3,2030,2,0.014771098642772384,0.5,False,1,47,1.3948192726161621
Zone 3,2030,3,0.01240718493146776,0.5,False,1,47,1.3948192726161621
Zone 3,2030,4,0.012181713045385156,0.5,False,1,47,1.3948192726161621
Zone 3,2030,5,0.013134678921304946,0.5,False,1,47,1.3948192726161621
Zone 3,2030,6,0.011799176806615418,0.5,False,1,47,1.3948192726161621
Zone 3,2030,7,0.01215255638277002,0.5,False,1,47,1.3948192726161621
Zone 3,2030,8,0.01208954458127139,0.5,False,1,47,1.3948192726161621
Zone 3,2030,9,0.012001875615171813,0.5,False,1,47,1.3948192726161621
Zone 3,2030,10,0.012068808931655784,0.5,False,1,47,1.3948192726161621
Zone 3,2030,11,0.012006356736713178,0.5,False,1,47,1.3948192726161621
Zone 3,2030,12,0.011904433646440504,0.5,False,1,47,1.3948192726161621
Zone 3,2030,13,0.011999962739487032,0.5,False,1,47,1.3948192726161621
Zone 3,2030,14,0.012995750551990242,0.5,False,1,47,1.3948192726161621
Zone 3,2030,15,0.012559626202586478,0.5,False,1,47,1.3948192726161621
Zone 3,2030,16,0.012801551714905523,0.5,False,1,47,1.3948192726161621
Zone 3,2030,17,0.012578740782682465,0.5,False,1,47,1.3948192726161621
Zone 3,2030,18,0.012776759143778288,0.5,False,1,47,1.3948192726161621
Zone 3,2030,19,0.011307949608387134,0.5,False,1,47,1.3948192726161621
Zone 3,2030,20,0.011455180238815246,0.5,False,1,47,1.3948192726161621
Zone 3,2030,21,0.011747521934043666,0.5,False,1,47,1.3948192726161621
Zone 3,2030,22,0.011928555498221116,0.5,False,1,47,1.3948192726161621
Zone 3,2030,23,0.012084365112647133,0.5,False,1,47,1.3948192726161621
Zone 3,2030,24,0.01214447934472126,0.5,False,1,47,1.3948192726161621
Zone 3,2030,25,0.01159137306472341,0.5,False,1,47,1.3948192726161621
Zone 3,2030,26,0.0172126095905452,0.5,True,1,47,1.3948192726161621
Zone 3,2030,27,0.011851600622986123,0.5,False,1,47,1.3948192726161621
Zone 3,2030,28,0.013854079576551574,0.5,False,1,47,1.3948192726161621
Zone 3,2030,29,0.014555648680254463,0.5,False,1,47,1.3948192726161621
Zone 3,2030,30,0.016338151570507883,0.5,True,1,47,1.3948192726161621
Zone 3,2030,31,0.014112434143426198,0.5,False,1,47,1.3948192726161621
Zone 3,2030,32,0.013251431793216197,0.5,False,1,47,1.3948192726161621
Zone 3,2030,33,0.014043465046846395,0.5,False,1,47,1.3948192726161621
Zone 3,2030,34,0.016843686799482723,0.5,True,1,47,1.3948192726161621
Zone 3,2030,35,0.014829097220278966,0.5,False,1,47,1.3948192726161621
Zone 3,2030,36,0.014628192539798872,0.5,False,1,47,1.3948192726161621
Zone 3,2030,37,0.014796056040024754,0.5,False,1,47,1.3948192726161621
Zone 3,2030,38,0.01829147621395992,0.5,True,1,47,1.3948192726161621
Zone 3,2030,39,0.017066541685430692,0.5,True,1,47,1.3948192726161621
Zone 3,2030,40,0.017221983090183846,0.5,True,1,47,1.3948192726161621
Zone 3,2030,41,0.016120581608883064,0.5,True,1,47,1.3948192726161621
Zone 3,2030,42,0.01729549805410289,0.5,True,1,47,1.3948192726161621
Zone 3,2030,43,0.01770963856586982,0.5,True,1,47,1.3948192726161621
Zone 3,2030,44,0.01687385207333068,0.5,True,1,47,1.3948192726161621
Zone 3,2030,45,0.016018890096948048,0.5,False,1,47,1.3948192726161621
Zone 3,2030,46,0.01658530181072939,0.5,True,1,47,1.3948192726161621
Zone 3,2030,47,0.016293450816047116,0.5,True,1,47,1.3948192726161621
Zone 3,2030,48,0.016050457910872066,0.5,False,1,47,1.3948192726161621
Zone 3,2030,49,0.015183810852462754,0.5,False,1,47,1.3948192726161621
Zone 3,2030,50,0.014404754237089952,0.5,False,1,47,1.3948192726161621
Zone 3,2030,51,0.011735744254149994,0.5,False,1,47,1.3948192726161621
Zone 3,2030,52,0.01118410969731813,0.5,False,1,47,1.3948192726161621
Zone 4,2026,1,0.011543013196291316,0.79,False,30,47,1.0125176901416282
Zone 4,2026,2,0.011070948186160327,0.78,False,30,47,1.0125176901416282
Zone 4,2026,3,0.010493579208468115,0.77,False,30,47,1.0125176901416282
Zone 4,2026,4,0.010953636099341127,0.76,False,30,47,1.0125176901416282
Zone 4,2026,5,0.00949647316732324,0.75,False,30,47,1.0125176901416282
Zone 4,2026,6,0.009062687331411974,0.74,False,30,47,1.0125176901416282
Zone 4,2026,7,0.011145051499918264,0.73,False,30,47,1.0125176901416282
Zone 4,2026,8,0.009950098144560214,0.7200000000000001,False,30,47,1.0125176901416282
Zone 4,2026,9,0.007721546848883331,0.7100000000000001,False,30,47,1.0125176901416282
Zone 4,2026,10,0.007058239367422766,0.7000000000000001,False,30,47,1.0125176901416282
Zone 4,2026,11,0.006581504884941636,0.6900000000000001,False,30,47,1.0125176901416282
Zone 4,2026,12,0.006435168726360823,0.68,False,30,47,1.0125176901416282
Zone 4,2026,13,0.006029410935067703,0.67,False,30,47,1.0125176901416282
Zone 4,2026,14,0.006422610820596768,0.66,False,30,47,1.0125176901416282
Zone 4,2026,15,0.005978951538702193,0.65,False,30,47,1.0125176901416282
Zone 4,2026,16,0.005993311361885545,0.64,False,30,47,1.0125176901416282
Zone 4,2026,17,0.005993311361885545,0.63,False,30,47,1.0125176901416282
Zone 4,2026,18,0.005862993052743708,0.6200000000000001,False,30,47,1.0125176901416282
Zone 4,2026,19,0.005474643538180601,0.6100000000000001,False,30,47,1.0125176901416282
Zone 4,2026,20,0.005402364444725036,0.6000000000000001,False,30,47,1.0125176901416282
Zone 4,2026,21,0.005402364444725036,0.5900000000000001,False,30,47,1.0125176901416282
Zone 4,2026,22,0.00536448565684625,0.5800000000000001,False,30,47,1.0125176901416282
Zone 4,2026,23,0.00536448565684625,0.5700000000000001,False,30,47,1.0125176901416282
Zone 4,2026,24,0.0054109947033552964,0.56,False,30,47,1.0125176901416282
Zone 4,2026,25,0.005497951225094427,0.55,False,30,47,1.0125176901416282
Zone 4,2026,26,0.010767889433272821,0.54,False,30,47,1.0125176901416282
Zone 4,2026,27,0.006706554827222556,0.53,False,30,47,1.0125176901416282
Zone 4,2026,28,0.006991157692793363,0.52,False,30,47,1.0125176901416282
Zone 4,2026,29,0.008653788581193112,0.51,False,30,47,1.0125176901416282
Zone 4,2026,30,0.015792701135961294,0.5,True,30,47,1.0125176901416282
Zone 4,2026,31,0.012728325210519616,0.5,False,30,47,1.0125176901416282
Zone 4,2026,32,0.013402476771924372,0.5,False,30,47,1.0125176901416282
Zone 4,2026,33,0.013142699528764519,0.5,False,30,47,1.0125176901416282
Zone 4,2026,34,0.015494992029279335,0.5,True,30,47,1.0125176901416282
Zone 4,2026,35,0.01438549085762233,0.5,True,30,47,1.0125176901416282
Zone 4,2026,36,0.014618065763805945,0.5,True,30,47,1.0125176901416282
Zone 4,2026,37,0.01430353176068641,0.5,True,30,47,1.0125176901416282
Zone 4,2026,38,0.014778845379433898,0.5,True,30,47,1.0125176901416282
Zone 4,2026,39,0.013952628505848932,0.5,True,30,47,1.0125176901416282
Zone 4,2026,40,0.013811960902485803,0.5,False,30,47,1.0125176901416282
Zone 4,2026,41,0.014198138309806018,0.5,True,30,47,1.0125176901416282
Zone 4,2026,42,0.013949422952970697,0.5,True,30,47,1.0125176901416282
Zone 4,2026,43,0.01444120113717262,0.5,True,30,47,1.0125176901416282
Zone 4,2026,44,0.013851216409160665,0.5,False,30,47,1.0125176901416282
Zone 4,2026,45,0.014219887204632211,0.5,True,30,47,1.0125176901416282
Zone 4,2026,46,0.013913294205615474,0.5,True,30,47,1.0125176901416282
Zone 4,2026,47,0.014414312031809732,0.5,True,30,47,1.0125176901416282
Zone 4,2026,48,0.013818807917935827,0.5,False,30,47,1.0125176901416282
Zone 4,2026,49,0.009545619153740947,0.5,False,30,47,1.0125176901416282
Zone 4,2026,50,0.009702455153241817,0.5,False,30,47,1.0125176901416282
Zone 4,2026,51,0.009324340340721276,0.5,False,30,47,1.0125176901416282
Zone 4,2026,52,0.009889570274287503,0.5,False,30,47,1.0125176901416282
Zone 4,2027,1,0.012601038142785221,0.5,False,30,48,1.0684727635819589
Zone 4,2027,2,0.011045213618968536,0.5,False,30,48,1.0684727635819589
Zone 4,2027,3,0.009323009449923673,0.5,False,30,48,1.0684727635819589
Zone 4,2027,4,0.00990893573597176,0.5,False,30,48,1.0684727635819589
Zone 4,2027,5,0.010891560119244947,0.5,False,30,48,1.0684727635819589
Zone 4,2027,6,0.01044821696595589,0.5,False,30,48,1.0684727635819589
Zone 4,2027,7,0.008582890102760567,0.5,False,30,48,1.0684727635819589
Zone 4,2027,8,0.012494082228808935,0.5,False,30,48,1.0684727635819589
Zone 4,2027,9,0.010015295719279728,0.5,False,30,48,1.0684727635819589
Zone 4,2027,10,0.009025272931742587,0.5,False,30,48,1.0684727635819589
Zone 4,2027,11,0.005638737172289569,0.5,False,30,48,1.0684727635819589
Zone 4,2027,12,0.008679674990028668,0.5,False,30,48,1.0684727635819589
Zone 4,2027,13,0.01043708811487676,0.5,False,30,48,1.0684727635819589
Zone 4,2027,14,0.006058127263614885,0.5,False,30,48,1.0684727635819589
Zone 4,2027,15,0.0070261721147548304,0.5,False,30,48,1.0684727635819589
Zone 4,2027,16,0.00755361132334581,0.5,False,30,48,1.0684727635819589
Zone 4,2027,17,0.008069801143378175,0.5,False,30,48,1.0684727635819589
Zone 4,2027,18,0.007499035959740357,0.5,False,30,48,1.0684727635819589
Zone 4,2027,19,0.005934511875196922,0.5,False,30,48,1.0684727635819589
Zone 4,2027,20,0.0059625066428890825,0.5,False,30,48,1.0684727635819589
Zone 4,2027,21,0.005735792372522775,0.5,False,30,48,1.0684727635819589
Zone 4,2027,22,0.00580161763636784,0.5,False,30,48,1.0684727635819589
Zone 4,2027,23,0.005969684863258595,0.5,False,30,48,1.0684727635819589
Zone 4,2027,24,0.0060064496966790015,0.5,False,30,48,1.0684727635819589
Zone 4,2027,25,0.006093406218418132,0.5,False,30,48,1.0684727635819589
Zone 4,2027,26,0.010839470353464999,0.5,False,30,48,1.0684727635819589
Zone 4,2027,27,0.006681990823170666,0.5,False,30,48,1.0684727635819589
Zone 4,2027,28,0.007543130985909707,0.5,False,30,48,1.0684727635819589
Zone 4,2027,29,0.008420765897338357,0.5,False,30,48,1.0684727635819589
Zone 4,2027,30,0.015904760912507622,0.5,True,30,48,1.0684727635819589
Zone 4,2027,31,0.012909372389811893,0.5,False,30,48,1.0684727635819589
Zone 4,2027,32,0.01339550327326284,0.5,False,30,48,1.0684727635819589
Zone 4,2027,33,0.01271526907508683,0.5,False,30,48,1.0684727635819589
Zone 4,2027,34,0.015221875093156822,0.5,True,30,48,1.0684727635819589
Zone 4,2027,35,0.014828134947947708,0.5,True,30,48,1.0684727635819589
Zone 4,2027,36,0.014803527160626035,0.5,True,30,48,1.0684727635819589
Zone 4,2027,37,0.014668201322915148,0.5,True,30,48,1.0684727635819589
Zone 4,2027,38,0.01481986950205554,0.5,True,30,48,1.0684727635819589
Zone 4,2027,39,0.014280661080513407,0.5,True,30,48,1.0684727635819589
Zone 4,2027,40,0.01423168179589444,0.5,False,30,48,1.0684727635819589
Zone 4,2027,41,0.014787280614249117,0.5,True,30,48,1.0684727635819589
Zone 4,2027,42,0.013595074476740323,0.5,False,30,48,1.0684727635819589
Zone 4,2027,43,0.01447303926443247,0.5,True,30,48,1.0684727635819589
Zone 4,2027,44,0.014399915997518022,0.5,True,30,48,1.0684727635819589
Zone 4,2027,45,0.014271119901265039,0.5,False,30,48,1.0684727635819589
Zone 4,2027,46,0.014345922621787735,0.5,True,30,48,1.0684727635819589
Zone 4,2027,47,0.01438278013987162,0.5,True,30,48,1.0684727635819589
Zone 4,2027,48,0.014300510795434998,0.5,True,30,48,1.0684727635819589
Zone 4,2027,49,0.009739936161712998,0.5,False,30,48,1.0684727635819589
Zone 4,2027,50,0.01083953612385137,0.5,False,30,48,1.0684727635819589
Zone 4,2027,51,0.008599809597015139,0.5,False,30,48,1.0684727635819589
Zone 4,2027,52,0.013804964352274669,0.5,False,30,48,1.0684727635819589
Zone 4,2028,1,0.012920914997991265,0.5,False,30,48,1.0379190215631193
Zone 4,2028,2,0.00950400855303293,0.5,False,30,48,1.0379190215631193
Zone 4,2028,3,0.007619622331236917,0.5,False,30,48,1.0379190215631193
Zone 4,2028,4,0.010338094509165617,0.5,False,30,48,1.0379190215631193
Zone 4,2028,5,0.01091797991530674,0.5,False,30,48,1.0379190215631193
Zone 4,2028,6,0.009628531019954305,0.5,False,30,48,1.0379190215631193
Zone 4,2028,7,0.0077014270684569956,0.5,False,30,48,1.0379190215631193
Zone 4,2028,8,0.009046185326909408,0.5,False,30,48,1.0379190215631193
Zone 4,2028,9,0.010080844611736535,0.5,False,30,48,1.0379190215631193
Zone 4,2028,10,0.0091515685854947,0.5,False,30,48,1.0379190215631193
Zone 4,2028,11,0.005614546836870473,0.5,False,30,48,1.0379190215631193
Zone 4,2028,12,0.006609129935674623,0.5,False,30,48,1.0379190215631193
Zone 4,2028,13,0.007386902686452781,0.5,False,30,48,1.0379190215631193
Zone 4,2028,14,0.006850208523919606,0.5,False,30,48,1.0379190215631193
Zone 4,2028,15,0.0066743142465970065,0.5,False,30,48,1.0379190215631193
Zone 4,2028,16,0.006689924709712036,0.5,False,30,48,1.0379190215631193
Zone 4,2028,17,0.00652185748282128,0.5,False,30,48,1.0379190215631193
Zone 4,2028,18,0.006446186487150282,0.5,False,30,48,1.0379190215631193
Zone 4,2028,19,0.006057836972587176,0.5,False,30,48,1.0379190215631193
Zone 4,2028,20,0.005890319783893516,0.5,False,30,48,1.0379190215631193
Zone 4,2028,21,0.005890319783893516,0.5,False,30,48,1.0379190215631193
Zone 4,2028,22,0.005969684863258595,0.5,False,30,48,1.0379190215631193
Zone 4,2028,23,0.005969684863258595,0.5,False,30,48,1.0379190215631193
Zone 4,2028,24,0.0060064496966790015,0.5,False,30,48,1.0379190215631193
Zone 4,2028,25,0.006093406218418132,0.5,False,30,48,1.0379190215631193
Zone 4,2028,26,0.010915227929222575,0.5,False,30,48,1.0379190215631193
Zone 4,2028,27,0.006681990823170666,0.5,False,30,48,1.0379190215631193
Zone 4,2028,28,0.007543130985909707,0.5,False,30,48,1.0379190215631193
Zone 4,2028,29,0.008420765897338357,0.5,False,30,48,1.0379190215631193
Zone 4,2028,30,0.015904760912507622,0.5,True,30,48,1.0379190215631193
Zone 4,2028,31,0.012744083133613547,0.5,False,30,48,1.0379190215631193
Zone 4,2028,32,0.01339550327326284,0.5,False,30,48,1.0379190215631193
Zone 4,2028,33,0.01271526907508683,0.5,False,30,48,1.0379190215631193
Zone 4,2028,34,0.015802409823224263,0.5,True,30,48,1.0379190215631193
Zone 4,2028,35,0.014708209725054412,0.5,True,30,48,1.0379190215631193
Zone 4,2028,36,0.01484209578757997,0.5,True,30,48,1.0379190215631193
Zone 4,2028,37,0.015182731616937718,0.5,True,30,48,1.0379190215631193
Zone 4,2028,38,0.014345384486907925,0.5,True,30,48,1.0379190215631193
Zone 4,2028,39,0.014808880574960262,0.5,True,30,48,1.0379190215631193
Zone 4,2028,40,0.01414655950298575,0.5,True,30,48,1.0379190215631193
Zone 4,2028,41,0.014700223910197882,0.5,True,30,48,1.0379190215631193
Zone 4,2028,42,0.013868927272095767,0.5,False,30,48,1.0379190215631193
Zone 4,2028,43,0.014900598826850383,0.5,True,30,48,1.0379190215631193
Zone 4,2028,44,0.0145151144985629,0.5,True,30,48,1.0379190215631193
Zone 4,2028,45,0.014095862677131253,0.5,False,30,48,1.0379190215631193
Zone 4,2028,46,0.01475478619032269,0.5,True,30,48,1.0379190215631193
Zone 4,2028,47,0.013799959461083297,0.5,False,30,48,1.0379190215631193
Zone 4,2028,48,0.01479583506370667,0.5,True,30,48,1.0379190215631193
Zone 4,2028,49,0.009822093787951769,0.5,False,30,48,1.0379190215631193
Zone 4,2028,50,0.010779783944208157,0.5,False,30,48,1.0379190215631193
Zone 4,2028,51,0.00877332233629308,0.5,False,30,48,1.0379190215631193
Zone 4,2028,52,0.011174429686183778,0.5,False,30,48,1.0379190215631193
Zone 4,2029,1,0.012408014272770891,0.5,False,30,48,1.0505812124321372
Zone 4,2029,2,0.009532017271996934,0.5,False,30,48,1.0505812124321372
Zone 4,2029,3,0.008242994891835258,0.5,False,30,48,1.0505812124321372
Zone 4,2029,4,0.013951683238866744,0.5,False,30,48,1.0505812124321372
Zone 4,2029,5,0.011210709792912658,0.5,False,30,48,1.0505812124321372
Zone 4,2029,6,0.009853590368089613,0.5,False,30,48,1.0505812124321372
Zone 4,2029,7,0.006076122184545324,0.5,False,30,48,1.0505812124321372
Zone 4,2029,8,0.008445177923428094,0.5,False,30,48,1.0505812124321372
Zone 4,2029,9,0.013009500530403378,0.5,False,30,48,1.0505812124321372
Zone 4,2029,10,0.009197607252700368,0.5,False,30,48,1.0505812124321372
Zone 4,2029,11,0.005902652821197707,0.5,False,30,48,1.0505812124321372
Zone 4,2029,12,0.006967534903619858,0.5,False,30,48,1.0505812124321372
Zone 4,2029,13,0.009613458832846047,0.5,False,30,48,1.0505812124321372
Zone 4,2029,14,0.00552892334305227,0.5,False,30,48,1.0505812124321372
Zone 4,2029,15,0.006192472592492429,0.5,False,30,48,1.0505812124321372
Zone 4,2029,16,0.007335824403848672,0.5,False,30,48,1.0505812124321372
Zone 4,2029,17,0.007617723070974811,0.5,False,30,48,1.0505812124321372
Zone 4,2029,18,0.0075075708594477715,0.5,False,30,48,1.0505812124321372
Zone 4,2029,19,0.005769826682359806,0.5,False,30,48,1.0505812124321372
Zone 4,2029,20,0.006210573869779839,0.5,False,30,48,1.0505812124321372
Zone 4,2029,21,0.005807722642472845,0.5,False,30,48,1.0505812124321372
Zone 4,2029,22,0.00580161763636784,0.5,False,30,48,1.0505812124321372
Zone 4,2029,23,0.005969684863258595,0.5,False,30,48,1.0505812124321372
Zone 4,2029,24,0.0060064496966790015,0.5,False,30,48,1.0505812124321372
Zone 4,2029,25,0.006093406218418132,0.5,False,30,48,1.0505812124321372
Zone 4,2029,26,0.010915227929222575,0.5,False,30,48,1.0505812124321372
Zone 4,2029,27,0.006681990823170666,0.5,False,30,48,1.0505812124321372
Zone 4,2029,28,0.007543130985909707,0.5,False,30,48,1.0505812124321372
Zone 4,2029,29,0.008420765897338357,0.5,False,30,48,1.0505812124321372
Zone 4,2029,30,0.015904760912507622,0.5,True,30,48,1.0505812124321372
Zone 4,2029,31,0.012744083133613547,0.5,False,30,48,1.0505812124321372
Zone 4,2029,32,0.01339550327326284,0.5,False,30,48,1.0505812124321372
Zone 4,2029,33,0.01271526907508683,0.5,False,30,48,1.0505812124321372
Zone 4,2029,34,0.015221875093156822,0.5,True,30,48,1.0505812124321372
Zone 4,2029,35,0.014754801614614376,0.5,True,30,48,1.0505812124321372
Zone 4,2029,36,0.014833534662501504,0.5,True,30,48,1.0505812124321372
Zone 4,2029,37,0.014668201322915148,0.5,True,30,48,1.0505812124321372
Zone 4,2029,38,0.01481986950205554,0.5,True,30,48,1.0505812124321372
Zone 4,2029,39,0.014561109798462124,0.5,True,30,48,1.0505812124321372
Zone 4,2029,40,0.013970123710911391,0.5,True,30,48,1.0505812124321372
Zone 4,2029,41,0.014725922202414482,0.5,True,30,48,1.0505812124321372
Zone 4,2029,42,0.013684946359638078,0.5,False,30,48,1.0505812124321372
Zone 4,2029,43,0.015016099041534796,0.5,True,30,48,1.0505812124321372
Zone 4,2029,44,0.014704084141384369,0.5,True,30,48,1.0505812124321372
Zone 4,2029,45,0.013788134288623846,0.5,False,30,48,1.0505812124321372
Zone 4,2029,46,0.01485279161734914,0.5,True,30,48,1.0505812124321372
Zone 4,2029,47,0.013738901043976612,0.5,False,30,48,1.0505812124321372
Zone 4,2029,48,0.014948745366748667,0.5,True,30,48,1.0505812124321372
Zone 4,2029,49,0.010367132852836098,0.5,False,30,48,1.0505812124321372
Zone 4,2029,50,0.009644069149152348,0.5,False,30,48,1.0505812124321372
Zone 4,2029,51,0.009769357522550768,0.5,False,30,48,1.0505812124321372
Zone 4,2029,52,0.00965893897940817,0.5,False,30,48,1.0505812124321372
Zone 4,2030,1,0.011998591008732287,0.5,False,30,48,1.0726705353175099
Zone 4,2030,2,0.011195792829666595,0.5,False,30,48,1.0726705353175099
Zone 4,2030,3,0.010933620640263207,0.5,False,30,48,1.0726705353175099
Zone 4,2030,4,0.010412517759721544,0.5,False,30,48,1.0726705353175099
Zone 4,2030,5,0.010226777781108094,0.5,False,30,48,1.0726705353175099
Zone 4,2030,6,0.009713388506089594,0.5,False,30,48,1.0726705353175099
Zone 4,2030,7,0.011267982859310265,0.5,False,30,48,1.0726705353175099
Zone 4,2030,8,0.009946993397424669,0.5,False,30,48,1.0726705353175099
Zone 4,2030,9,0.008768591979191108,0.5,False,30,48,1.0726705353175099
Zone 4,2030,10,0.009518122242321868,0.5,False,30,48,1.0726705353175099
Zone 4,2030,11,0.01007862300709591,0.5,False,30,48,1.0726705353175099
Zone 4,2030,12,0.008246136636450048,0.5,False,30,48,1.0726705353175099
Zone 4,2030,13,0.0092312771272692,0.5,False,30,48,1.0726705353175099
Zone 4,2030,14,0.00786460074005816,0.5,False,30,48,1.0726705353175099
Zone 4,2030,15,0.009622421269493418,0.5,False,30,48,1.0726705353175099
Zone 4,2030,16,0.006373453679792425,0.5,False,30,48,1.0726705353175099
Zone 4,2030,17,0.00633959319867495,0.5,False,30,48,1.0726705353175099
Zone 4,2030,18,0.006924018954396161,0.5,False,30,48,1.0726705353175099
Zone 4,2030,19,0.0068613622749651125,0.5,False,30,48,1.0726705353175099
Zone 4,2030,20,0.005890319783893516,0.5,False,30,48,1.0726705353175099
Zone 4,2030,21,0.005890319783893516,0.5,False,30,48,1.0726705353175099
Zone 4,2030,22,0.005969684863258595,0.5,False,30,48,1.0726705353175099
Zone 4,2030,23,0.005969684863258595,0.5,False,30,48,1.0726705353175099
Zone 4,2030,24,0.0060064496966790015,0.5,False,30,48,1.0726705353175099
Zone 4,2030,25,0.006093406218418132,0.5,False,30,48,1.0726705353175099
Zone 4,2030,26,0.010915227929222575,0.5,False,30,48,1.0726705353175099
Zone 4,2030,27,0.006681990823170666,0.5,False,30,48,1.0726705353175099
Zone 4,2030,28,0.007543130985909707,0.5,False,30,48,1.0726705353175099
Zone 4,2030,29,0.008420765897338357,0.5,False,30,48,1.0726705353175099
Zone 4,2030,30,0.015904760912507622,0.5,True,30,48,1.0726705353175099
Zone 4,2030,31,0.012744083133613547,0.5,False,30,48,1.0726705353175099
Zone 4,2030,32,0.01339550327326284,0.5,False,30,48,1.0726705353175099
Zone 4,2030,33,0.01271526907508683,0.5,False,30,48,1.0726705353175099
Zone 4,2030,34,0.015802409823224263,0.5,True,30,48,1.0726705353175099
Zone 4,2030,35,0.014708209725054412,0.5,True,30,48,1.0726705353175099
Zone 4,2030,36,0.01484209578757997,0.5,True,30,48,1.0726705353175099
Zone 4,2030,37,0.015182731616937718,0.5,True,30,48,1.0726705353175099
Zone 4,2030,38,0.014345384486907925,0.5,True,30,48,1.0726705353175099
Zone 4,2030,39,0.014808880574960262,0.5,True,30,48,1.0726705353175099
Zone 4,2030,40,0.013866110785037031,0.5,True,30,48,1.0726705353175099
Zone 4,2030,41,0.014621917944010117,0.5,True,30,48,1.0726705353175099
Zone 4,2030,42,0.01383465824851774,0.5,False,30,48,1.0726705353175099
Zone 4,2030,43,0.014900598826850383,0.5,True,30,48,1.0726705353175099
Zone 4,2030,44,0.0145151144985629,0.5,True,30,48,1.0726705353175099
Zone 4,2030,45,0.013693956469303993,0.5,False,30,48,1.0726705353175099
Zone 4,2030,46,0.014748769245548014,0.5,True,30,48,1.0726705353175099
Zone 4,2030,47,0.01338934389828369,0.5,False,30,48,1.0726705353175099
Zone 4,2030,48,0.015024248295192772,0.5,True,30,48,1.0726705353175099
Zone 4,2030,49,0.010258301957811005,0.5,False,30,48,1.0726705353175099
Zone 4,2030,50,0.009903196003947462,0.5,False,30,48,1.0726705353175099
Zone 4,2030,51,0.009638371105532726,0.5,False,30,48,1.0726705353175099
Zone 4,2030,52,0.01003991594030466,0.5,False,30,48,1.0726705353175099
Zone 5,2026,1,0.004967849062766272,0.79,False,38,50,0.6246737138023963
Zone 5,2026,2,0.005660135972575966,0.78,False,38,50,0.6246737138023963
Zone 5,2026,3,0.006215871193866022,0.77,False,38,50,0.6246737138023963
Zone 5,2026,4,0.006448525613356645,0.76,False,38,50,0.6246737138023963
Zone 5,2026,5,0.005137871606556592,0.75,False,38,50,0.6246737138023963
Zone 5,2026,6,0.003730486280645857,0.74,False,38,50,0.6246737138023963
Zone 5,2026,7,0.001978274223070156,0.73,False,38,50,0.6246737138023963
Zone 5,2026,8,0.0026309632007591333,0.7200000000000001,False,38,50,0.6246737138023963
Zone 5,2026,9,0.003992016115075546,0.7100000000000001,False,38,50,0.6246737138023963
Zone 5,2026,10,0.0032641675318145907,0.7000000000000001,False,38,50,0.6246737138023963
Zone 5,2026,11,0.002447339914986974,0.6900000000000001,False,38,50,0.6246737138023963
Zone 5,2026,12,0.0025759857789269553,0.68,False,38,50,0.6246737138023963
Zone 5,2026,13,0.0023759857789269552,0.67,False,38,50,0.6246737138023963
Zone 5,2026,14,0.0023759857789269552,0.66,False,38,50,0.6246737138023963
Zone 5,2026,15,0.0023759857789269552,0.65,False,38,50,0.6246737138023963
Zone 5,2026,16,0.0026925461380103476,0.64,False,38,50,0.6246737138023963
Zone 5,2026,17,0.0026068318522960614,0.63,False,38,50,0.6246737138023963
Zone 5,2026,18,0.0026242231566438886,0.6200000000000001,False,38,50,0.6246737138023963
Zone 5,2026,19,0.0019632153917145552,0.6100000000000001,False,38,50,0.6246737138023963
Zone 5,2026,20,0.0019097585135962368,0.6000000000000001,False,38,50,0.6246737138023963
Zone 5,2026,21,0.0019351760880334196,0.5900000000000001,False,38,50,0.6246737138023963
Zone 5,2026,22,0.0016069543692494514,0.5800000000000001,False,38,50,0.6246737138023963
Zone 5,2026,23,0.0010726495726495727,0.5700000000000001,False,38,50,0.6246737138023963
Zone 5,2026,24,0.0010726495726495727,0.56,False,38,50,0.6246737138023963
Zone 5,2026,25,0.0010726495726495727,0.55,False,38,50,0.6246737138023963
Zone 5,2026,26,0.0010726495726495727,0.54,False,38,50,0.6246737138023963
Zone 5,2026,27,0.0010726495726495727,0.53,False,38,50,0.6246737138023963
Zone 5,2026,28,0.0010726495726495727,0.52,False,38,50,0.6246737138023963
Zone 5,2026,29,0.0010726495726495727,0.51,False,38,50,0.6246737138023963
Zone 5,2026,30,0.003936160166989146,0.5,False,38,50,0.6246737138023963
Zone 5,2026,31,0.00424346988932411,0.5,False,38,50,0.6246737138023963
Zone 5,2026,32,0.004102613852369427,0.5,False,38,50,0.6246737138023963
Zone 5,2026,33,0.0038322463143030945,0.5,False,38,50,0.6246737138023963
Zone 5,2026,34,0.005938813381882708,0.5,False,38,50,0.6246737138023963
Zone 5,2026,35,0.007199800846036926,0.5,False,38,50,0.6246737138023963
Zone 5,2026,36,0.006389619125331041,0.5,False,38,50,0.6246737138023963
Zone 5,2026,37,0.006570702390852592,0.5,False,38,50,0.6246737138023963
Zone 5,2026,38,0.009976169049780293,0.5,True,38,50,0.6246737138023963
Zone 5,2026,39,0.012720146240585185,0.5,True,38,50,0.6246737138023963
Zone 5,2026,40,0.02519035851401946,0.5,True,38,50,0.6246737138023963
Zone 5,2026,41,0.017961628876711103,0.5,True,38,50,0.6246737138023963
Zone 5,2026,42,0.017806769850166368,0.5,True,38,50,0.6246737138023963
Zone 5,2026,43,0.01671554105792615,0.5,True,38,50,0.6246737138023963
Zone 5,2026,44,0.016833577070279725,0.5,True,38,50,0.6246737138023963
Zone 5,2026,45,0.015323489220615225,0.5,True,38,50,0.6246737138023963
Zone 5,2026,46,0.013904345571994962,0.5,True,38,50,0.6246737138023963
Zone 5,2026,47,0.013176906791183753,0.5,True,38,50,0.6246737138023963
Zone 5,2026,48,0.0119973697096049,0.5,True,38,50,0.6246737138023963
Zone 5,2026,49,0.010668802463359448,0.5,True,38,50,0.6246737138023963
Zone 5,2026,50,0.008506218226517774,0.5,True,38,50,0.6246737138023963
Zone 5,2026,51,0.006192392309950412,0.5,False,38,50,0.6246737138023963
Zone 5,2026,52,0.006618493908189762,0.5,False,38,50,0.6246737138023963
Zone 5,2027,1,0.006482661014473694,0.5,False,36,48,0.8196817703677646
Zone 5,2027,2,0.00771299051866908,0.5,False,36,48,0.8196817703677646
Zone 5,2027,3,0.007491359823423996,0.5,False,36,48,0.8196817703677646
Zone 5,2027,4,0.007226349545648406,0.5,False,36,48,0.8196817703677646
Zone 5,2027,5,0.0072880219937490895,0.5,False,36,48,0.8196817703677646
Zone 5,2027,6,0.006984562402800013,0.5,False,36,48,0.8196817703677646
Zone 5,2027,7,0.006340081883319496,0.5,False,36,48,0.8196817703677646
Zone 5,2027,8,0.006379956218677442,0.5,False,36,48,0.8196817703677646
Zone 5,2027,9,0.006326239478868686,0.5,False,36,48,0.8196817703677646
Zone 5,2027,10,0.005675239047455884,0.5,False,36,48,0.8196817703677646
Zone 5,2027,11,0.004547158813532603,0.5,False,36,48,0.8196817703677646
Zone 5,2027,12,0.001245500950591001,0.5,False,36,48,0.8196817703677646
Zone 5,2027,13,0.0014594365248206931,0.5,False,36,48,0.8196817703677646
Zone 5,2027,14,0.0014185401662772756,0.5,False,36,48,0.8196817703677646
Zone 5,2027,15,0.0014185401662772756,0.5,False,36,48,0.8196817703677646
Zone 5,2027,16,0.0012756830234201327,0.5,False,36,48,0.8196817703677646
Zone 5,2027,17,0.0012756830234201327,0.5,False,36,48,0.8196817703677646
Zone 5,2027,18,0.0014930743277679587,0.5,False,36,48,0.8196817703677646
Zone 5,2027,19,0.0012175822898329294,0.5,False,36,48,0.8196817703677646
Zone 5,2027,20,0.0006077794754265343,0.5,False,36,48,0.8196817703677646
Zone 5,2027,21,0.0005017219321343032,0.5,False,36,48,0.8196817703677646
Zone 5,2027,22,0.00025974025974025974,0.5,False,36,48,0.8196817703677646
Zone 5,2027,23,0.0,0.5,False,36,48,0.8196817703677646
Zone 5,2027,24,0.0,0.5,False,36,48,0.8196817703677646
Zone 5,2027,25,0.0,0.5,False,36,48,0.8196817703677646
Zone 5,2027,26,0.0,0.5,False,36,48,0.8196817703677646
Zone 5,2027,27,0.0,0.5,False,36,48,0.8196817703677646
Zone 5,2027,28,0.0,0.5,False,36,48,0.8196817703677646
Zone 5,2027,29,0.0,0.5,False,36,48,0.8196817703677646
Zone 5,2027,30,0.0016289426931050052,0.5,False,36,48,0.8196817703677646
Zone 5,2027,31,0.004623280713244479,0.5,False,36,48,0.8196817703677646
Zone 5,2027,32,0.004840449367647821,0.5,False,36,48,0.8196817703677646
Zone 5,2027,33,0.0056496292823222626,0.5,False,36,48,0.8196817703677646
Zone 5,2027,34,0.010510557581842479,0.5,False,36,48,0.8196817703677646
Zone 5,2027,35,0.011560528322045011,0.5,False,36,48,0.8196817703677646
Zone 5,2027,36,0.016123439124207124,0.5,True,36,48,0.8196817703677646
Zone 5,2027,37,0.02073457184165853,0.5,True,36,48,0.8196817703677646
Zone 5,2027,38,0.03373993324001335,0.5,True,36,48,0.8196817703677646
Zone 5,2027,39,0.03212205513584217,0.5,True,36,48,0.8196817703677646
Zone 5,2027,40,0.02330399838590249,0.5,True,36,48,0.8196817703677646
Zone 5,2027,41,0.019767468792589175,0.5,True,36,48,0.8196817703677646
Zone 5,2027,42,0.016368952731639422,0.5,True,36,48,0.8196817703677646
Zone 5,2027,43,0.020148521868407064,0.5,True,36,48,0.8196817703677646
Zone 5,2027,44,0.01795328012853792,0.5,True,36,48,0.8196817703677646
Zone 5,2027,45,0.01820352783593135,0.5,True,36,48,0.8196817703677646
Zone 5,2027,46,0.01694197622541385,0.5,True,36,48,0.8196817703677646
Zone 5,2027,47,0.015126401835897996,0.5,True,36,48,0.8196817703677646
Zone 5,2027,48,0.01294715437192012,0.5,True,36,48,0.8196817703677646
Zone 5,2027,49,0.012039525946521343,0.5,False,36,48,0.8196817703677646
Zone 5,2027,50,0.009474199818660824,0.5,False,36,48,0.8196817703677646
Zone 5,2027,51,0.0086352410914275,0.5,False,36,48,0.8196817703677646
Zone 5,2027,52,0.009162981376133392,0.5,False,36,48,0.8196817703677646
Zone 5,2028,1,0.005749378348816674,0.5,False,38,50,0.806774724368012
Zone 5,2028,2,0.0075290363149780335,0.5,False,38,50,0.806774724368012
Zone 5,2028,3,0.007231619563683737,0.5,False,38,50,0.806774724368012
Zone 5,2028,4,0.007244206688505549,0.5,False,38,50,0.806774724368012
Zone 5,2028,5,0.006147945759891681,0.5,False,38,50,0.806774724368012
Zone 5,2028,6,0.006073044796694781,0.5,False,38,50,0.806774724368012
Zone 5,2028,7,0.005562222285872269,0.5,False,38,50,0.806774724368012
Zone 5,2028,8,0.005602096621230215,0.5,False,38,50,0.806774724368012
Zone 5,2028,9,0.0059005932594412905,0.5,False,38,50,0.806774724368012
Zone 5,2028,10,0.005316629914653204,0.5,False,38,50,0.806774724368012
Zone 5,2028,11,0.004439631931812173,0.5,False,38,50,0.806774724368012
Zone 5,2028,12,0.001245500950591001,0.5,False,38,50,0.806774724368012
Zone 5,2028,13,0.0014594365248206931,0.5,False,38,50,0.806774724368012
Zone 5,2028,14,0.0014185401662772756,0.5,False,38,50,0.806774724368012
Zone 5,2028,15,0.0014185401662772756,0.5,False,38,50,0.806774724368012
Zone 5,2028,16,0.0012756830234201327,0.5,False,38,50,0.806774724368012
Zone 5,2028,17,0.0012756830234201327,0.5,False,38,50,0.806774724368012
Zone 5,2028,18,0.0014930743277679587,0.5,False,38,50,0.806774724368012
Zone 5,2028,19,0.0012175822898329294,0.5,False,38,50,0.806774724368012
Zone 5,2028,20,0.0006077794754265343,0.5,False,38,50,0.806774724368012
Zone 5,2028,21,0.0005017219321343032,0.5,False,38,50,0.806774724368012
Zone 5,2028,22,0.00025974025974025974,0.5,False,38,50,0.806774724368012
Zone 5,2028,23,0.0,0.5,False,38,50,0.806774724368012
Zone 5,2028,24,0.0,0.5,False,38,50,0.806774724368012
Zone 5,2028,25,0.0,0.5,False,38,50,0.806774724368012
Zone 5,2028,26,0.0,0.5,False,38,50,0.806774724368012
Zone 5,2028,27,0.0,0.5,False,38,50,0.806774724368012
Zone 5,2028,28,0.0,0.5,False,38,50,0.806774724368012
Zone 5,2028,29,0.0,0.5,False,38,50,0.806774724368012
Zone 5,2028,30,0.0016289426931050052,0.5,False,38,50,0.806774724368012
Zone 5,2028,31,0.004623280713244479,0.5,False,38,50,0.806774724368012
Zone 5,2028,32,0.004840449367647821,0.5,False,38,50,0.806774724368012
Zone 5,2028,33,0.005314605276261093,0.5,False,38,50,0.806774724368012
Zone 5,2028,34,0.010510557581842479,0.5,False,38,50,0.806774724368012
Zone 5,2028,35,0.010427756142939002,0.5,False,38,50,0.806774724368012
Zone 5,2028,36,0.010399828455866145,0.5,False,38,50,0.806774724368012
Zone 5,2028,37,0.011349923255399085,0.5,False,38,50,0.806774724368012
Zone 5,2028,38,0.027944424859535744,0.5,True,38,50,0.806774724368012
Zone 5,2028,39,0.03314130447179174,0.5,True,38,50,0.806774724368012
Zone 5,2028,40,0.028469912722969767,0.5,True,38,50,0.806774724368012
Zone 5,2028,41,0.025769844137081534,0.5,True,38,50,0.806774724368012
Zone 5,2028,42,0.019761618148651346,0.5,True,38,50,0.806774724368012
Zone 5,2028,43,0.016538814685014655,0.5,True,38,50,0.806774724368012
Zone 5,2028,44,0.018801228622784626,0.5,True,38,50,0.806774724368012
Zone 5,2028,45,0.02050441347539266,0.5,True,38,50,0.806774724368012
Zone 5,2028,46,0.015754365759517434,0.5,True,38,50,0.806774724368012
Zone 5,2028,47,0.01614422483595607,0.5,True,38,50,0.806774724368012
Zone 5,2028,48,0.014377248579953159,0.5,True,38,50,0.806774724368012
Zone 5,2028,49,0.013034041099148665,0.5,True,38,50,0.806774724368012
Zone 5,2028,50,0.011681956583090503,0.5,True,38,50,0.806774724368012
Zone 5,2028,51,0.010281954531641803,0.5,False,38,50,0.806774724368012
Zone 5,2028,52,0.00925247304724333,0.5,False,38,50,0.806774724368012
Zone 5,2029,1,0.005825294217855373,0.5,False,36,49,0.8171081507093952
Zone 5,2029,2,0.008075040193988237,0.5,False,36,49,0.8171081507093952
Zone 5,2029,3,0.007231619563683737,0.5,False,36,49,0.8171081507093952
Zone 5,2029,4,0.007244206688505549,0.5,False,36,49,0.8171081507093952
Zone 5,2029,5,0.006407686019631941,0.5,False,36,49,0.8171081507093952
Zone 5,2029,6,0.006332785056435041,0.5,False,36,49,0.8171081507093952
Zone 5,2029,7,0.0059648196884696724,0.5,False,36,49,0.8171081507093952
Zone 5,2029,8,0.006004694023827618,0.5,False,36,49,0.8171081507093952
Zone 5,2029,9,0.00600812014116172,0.5,False,36,49,0.8171081507093952
Zone 5,2029,10,0.005459487057510346,0.5,False,36,49,0.8171081507093952
Zone 5,2029,11,0.004439631931812173,0.5,False,36,49,0.8171081507093952
Zone 5,2029,12,0.001245500950591001,0.5,False,36,49,0.8171081507093952
Zone 5,2029,13,0.0014594365248206931,0.5,False,36,49,0.8171081507093952
Zone 5,2029,14,0.0014185401662772756,0.5,False,36,49,0.8171081507093952
Zone 5,2029,15,0.0014185401662772756,0.5,False,36,49,0.8171081507093952
Zone 5,2029,16,0.0012756830234201327,0.5,False,36,49,0.8171081507093952
Zone 5,2029,17,0.0012756830234201327,0.5,False,36,49,0.8171081507093952
Zone 5,2029,18,0.0014930743277679587,0.5,False,36,49,0.8171081507093952
Zone 5,2029,19,0.0012175822898329294,0.5,False,36,49,0.8171081507093952
Zone 5,2029,20,0.0006077794754265343,0.5,False,36,49,0.8171081507093952
Zone 5,2029,21,0.0005017219321343032,0.5,False,36,49,0.8171081507093952
Zone 5,2029,22,0.00025974025974025974,0.5,False,36,49,0.8171081507093952
Zone 5,2029,23,0.0,0.5,False,36,49,0.8171081507093952
Zone 5,2029,24,0.0,0.5,False,36,49,0.8171081507093952
Zone 5,2029,25,0.0,0.5,False,36,49,0.8171081507093952
Zone 5,2029,26,0.0,0.5,False,36,49,0.8171081507093952
Zone 5,2029,27,0.0,0.5,False,36,49,0.8171081507093952
Zone 5,2029,28,0.0,0.5,False,36,49,0.8171081507093952
Zone 5,2029,29,0.0,0.5,False,36,49,0.8171081507093952
Zone 5,2029,30,0.0016289426931050052,0.5,False,36,49,0.8171081507093952
Zone 5,2029,31,0.004623280713244479,0.5,False,36,49,0.8171081507093952
Zone 5,2029,32,0.004840449367647821,0.5,False,36,49,0.8171081507093952
Zone 5,2029,33,0.005659131540374984,0.5,False,36,49,0.8171081507093952
Zone 5,2029,34,0.010510557581842479,0.5,False,36,49,0.8171081507093952
Zone 5,2029,35,0.011560528322045011,0.5,False,36,49,0.8171081507093952
Zone 5,2029,36,0.016123439124207124,0.5,True,36,49,0.8171081507093952
Zone 5,2029,37,0.019595784616005172,0.5,True,36,49,0.8171081507093952
Zone 5,2029,38,0.031921171900778575,0.5,True,36,49,0.8171081507093952
Zone 5,2029,39,0.02592705784707558,0.5,True,36,49,0.8171081507093952
Zone 5,2029,40,0.02632579032495523,0.5,True,36,49,0.8171081507093952
Zone 5,2029,41,0.01948447635046453,0.5,True,36,49,0.8171081507093952
Zone 5,2029,42,0.015014388278874224,0.5,True,36,49,0.8171081507093952
Zone 5,2029,43,0.01935768921536997,0.5,True,36,49,0.8171081507093952
Zone 5,2029,44,0.019652005625562782,0.5,True,36,49,0.8171081507093952
Zone 5,2029,45,0.017678530005538203,0.5,True,36,49,0.8171081507093952
Zone 5,2029,46,0.01510049712146228,0.5,True,36,49,0.8171081507093952
Zone 5,2029,47,0.014901167948535582,0.5,True,36,49,0.8171081507093952
Zone 5,2029,48,0.013883418801932574,0.5,False,36,49,0.8171081507093952
Zone 5,2029,49,0.014222041623065569,0.5,True,36,49,0.8171081507093952
Zone 5,2029,50,0.012389961519602404,0.5,False,36,49,0.8171081507093952
Zone 5,2029,51,0.010904634161933179,0.5,False,36,49,0.8171081507093952
Zone 5,2029,52,0.012424626962672878,0.5,False,36,49,0.8171081507093952
Zone 5,2030,1,0.011988836234593259,0.5,False,6,45,1.2021032734736035
Zone 5,2030,2,0.011285251185222167,0.5,False,6,45,1.2021032734736035
Zone 5,2030,3,0.014161059580218249,0.5,False,6,45,1.2021032734736035
Zone 5,2030,4,0.014621486997224244,0.5,False,6,45,1.2021032734736035
Zone 5,2030,5,0.014005728939087674,0.5,False,6,45,1.2021032734736035
Zone 5,2030,6,0.016457285742318327,0.5,True,6,45,1.2021032734736035
Zone 5,2030,7,0.01494329673702761,0.5,False,6,45,1.2021032734736035
Zone 5,2030,8,0.015238246025557433,0.5,False,6,45,1.2021032734736035
Zone 5,2030,9,0.015402674473733583,0.5,False,6,45,1.2021032734736035
Zone 5,2030,10,0.01491806299234681,0.5,False,6,45,1.2021032734736035
Zone 5,2030,11,0.016731830367017343,0.5,True,6,45,1.2021032734736035
Zone 5,2030,12,0.016713152216345964,0.5,True,6,45,1.2021032734736035
Zone 5,2030,13,0.016608873220383832,0.5,True,6,45,1.2021032734736035
Zone 5,2030,14,0.01687535573802488,0.5,True,6,45,1.2021032734736035
Zone 5,2030,15,0.015531730998756267,0.5,False,6,45,1.2021032734736035
Zone 5,2030,16,0.012736893707406995,0.5,False,6,45,1.2021032734736035
Zone 5,2030,17,0.011205444351099172,0.5,False,6,45,1.2021032734736035
Zone 5,2030,18,0.011113147546291976,0.5,False,6,45,1.2021032734736035
Zone 5,2030,19,0.011578075355075273,0.5,False,6,45,1.2021032734736035
Zone 5,2030,20,0.009869408466487406,0.5,False,6,45,1.2021032734736035
Zone 5,2030,21,0.005282991896231461,0.5,False,6,45,1.2021032734736035
Zone 5,2030,22,0.0031162076740386935,0.5,False,6,45,1.2021032734736035
Zone 5,2030,23,0.00010752688172043012,0.5,False,6,45,1.2021032734736035
Zone 5,2030,24,0.0,0.5,False,6,45,1.2021032734736035
Zone 5,2030,25,0.0,0.5,False,6,45,1.2021032734736035
Zone 5,2030,26,0.0,0.5,False,6,45,1.2021032734736035
Zone 5,2030,27,0.0,0.5,False,6,45,1.2021032734736035
Zone 5,2030,28,0.0,0.5,False,6,45,1.2021032734736035
Zone 5,2030,29,0.0,0.5,False,6,45,1.2021032734736035
Zone 5,2030,30,0.0016289426931050052,0.5,False,6,45,1.2021032734736035
Zone 5,2030,31,0.004623280713244479,0.5,False,6,45,1.2021032734736035
Zone 5,2030,32,0.004840449367647821,0.5,False,6,45,1.2021032734736035
Zone 5,2030,33,0.005314605276261093,0.5,False,6,45,1.2021032734736035
Zone 5,2030,34,0.010510557581842479,0.5,False,6,45,1.2021032734736035
Zone 5,2030,35,0.010427756142939002,0.5,False,6,45,1.2021032734736035
Zone 5,2030,36,0.010399828455866145,0.5,False,6,45,1.2021032734736035
Zone 5,2030,37,0.011349923255399085,0.5,False,6,45,1.2021032734736035
Zone 5,2030,38,0.02813832466999734,0.5,True,6,45,1.2021032734736035
Zone 5,2030,39,0.02785718616604973,0.5,True,6,45,1.2021032734736035
Zone 5,2030,40,0.032057027318246105,0.5,True,6,45,1.2021032734736035
Zone 5,2030,41,0.024367812757143524,0.5,True,6,45,1.2021032734736035
Zone 5,2030,42,0.01892076047461033,0.5,True,6,45,1.2021032734736035
Zone 5,2030,43,0.01668369099443877,0.5,True,6,45,1.2021032734736035
Zone 5,2030,44,0.018668102103791932,0.5,True,6,45,1.2021032734736035
Zone 5,2030,45,0.019519658204785868,0.5,True,6,45,1.2021032734736035
Zone 5,2030,46,0.015772802196190167,0.5,False,6,45,1.2021032734736035
Zone 5,2030,47,0.014606804580772655,0.5,False,6,45,1.2021032734736035
Zone 5,2030,48,0.013817666110853959,0.5,False,6,45,1.2021032734736035
Zone 5,2030,49,0.013680373960557386,0.5,False,6,45,1.2021032734736035
Zone 5,2030,50,0.011962767377038242,0.5,False,6,45,1.2021032734736035
Zone 5,2030,51,0.009944087123205166,0.5,False,6,45,1.2021032734736035
Zone 5,2030,52,0.009508727356078488,0.5,False,6,45,1.2021032734736035
